,Unnamed: 0,player_name,team_name,age,position,Apps,Mins,Goals,Assists,Yel,Red,SpG,PS%,AerialsWon,MoM,Rating,Tackles,Inter,Fouls,Offsides,Clear,Was_dribble,Blocks,OwnGoal,key_pass_per_game,dribble_won_per_game,foul_given_game,offside_given_per_game,dispossessed_per_game,turnover_per_game,average_per_pass,corsses_per_game,longpass_per_game,through_ball_per_game,xG,xGDiff,xGPerNinety,totalShots,xGPerShot
0,0,Lionel Messi,,36," AM(CR),FW",32,2842,16,16,0,0,4.0,83.1,0.0,14,8.28,0.8,0.1,0.3,0,0,0.5,0,0,2.9,3.2,1.1,0.2,2.4,1.6,60.3,1.1,2.7,1.2,16.15,-0.15,0.51,129,0.13
1,1,Kylian Mbappé,,25," AM(CLR),FW",32(2),2822,29,5,6,0,4.4,82.9,0.2,7,7.8,0.3,0.1,0.6,0,0.1,0.3,0,0,1.6,2.2,1.2,1,1.2,1.9,37.9,0.4,0.6,0.2,24.08,4.92,0.77,149,0.16
2,2,Neymar,,32," AM(CLR),FW",18(2),1553,13,11,4,1,1.9,82.7,0.1,3,7.71,1.1,0.2,1.3,0,0.1,0.5,0.1,0,2.5,1.9,3.3,0.3,1.9,2.5,59.4,0.9,2.2,0.5,9.36,3.64,0.54,38,0.25
3,3,Alexandre Lacazette,,32," M(CLR),FW",34(1),2938,27,5,3,0,3.3,75.5,0.8,5,7.42,1.2,0.4,1.8,0,0.1,0.5,0.1,0,1.4,1.1,1.6,0.4,1.3,1.9,24.9,0.1,0.8,0.1,24.12,2.88,0.74,115,0.21
4,4,Rémy Cabella,,34," M(CLR),FW",28(4),2535,7,10,3,0,1.3,84.3,0.3,5,7.38,2,0.5,0.8,0,0.2,1.1,0.2,0,3.2,1.3,1.4,0.1,1.1,1.5,49.1,1.6,0.9,0.2,7.93,-0.93,0.28,42,0.19
5,5,Téji Savanier,,32, M(C),30,2557,12,4,4,3,2.1,77.9,0.4,7,7.28,1.5,1,1.9,0,0.4,1.6,0.1,0,1.9,2.4,3.2,0,1.7,2.4,47.3,1.7,4.9,0.1,7.69,4.31,0.27,64,0.12
6,6,Enzo Le Fée,,24, M(CLR),35,3039,5,5,5,0,1.3,84.7,0.3,5,7.26,3.1,1,1.2,0,0.9,2,0.1,0,1.9,1.9,1.8,0.1,1.6,2.1,56.1,0.9,3,0.1,2.83,2.17,0.08,45,0.06
7,7,Jonathan David,,24," AM(C),FW",36(1),3179,24,4,6,0,2.9,82.7,0.4,5,7.18,0.6,0.2,1.1,0,0.3,0.5,0.1,0,1.4,0.8,1.6,0.6,1.4,2.4,23.2,0.1,0.4,0.1,23.72,0.28,0.67,106,0.22
8,8,Benjamin André,,33," D(R),M(CLR)",33(1),2919,1,1,12,0,0.7,84.3,2.7,3,7.16,3.8,1.4,1.7,0.1,1.6,1.6,0.2,0,0.6,0.6,1.1,0,1,1.1,67.6,0,5.2,0.1,1.4,-0.4,0.04,24,0.06
9,9,Benjamin Lecomte,,33, GK,19,1710,0,0,0,0,0.0,60.0,0.3,1,7.15,0,0,0,0,0.8,0.1,0,0,0.1,0.1,0,0,0,0,29.9,0,7.5,0,,,,,
10,10,Benjamin Bourigeaud,,30, M(CLR),37,3084,7,10,4,1,2.0,80.8,0.3,4,7.15,1.2,0.8,0.9,0.1,0.7,1.2,0.1,0,2.6,0.4,0.4,0.1,0.5,0.9,46.6,2,3.1,0.2,8.65,-1.65,0.25,73,0.12
11,11,Florian Sotoca,,33," M(CR),FW",34(4),3064,7,9,4,0,2.3,80.1,1.5,4,7.13,1,0.8,1,0,1.3,0.7,0.1,0,1.6,0.4,1.2,0.2,0.7,1.2,36.6,0.5,2.2,0.2,10.41,-3.41,0.31,89,0.12
12,12,Amine Gouiri,,24," AM(CL),FW",29(4),2532,15,3,3,0,2.2,79.8,0.9,1,7.12,1.3,0.4,1.2,0,0.3,0.6,0,0,1.1,1,0.5,0.2,1.1,2.2,22.1,0.2,0.5,0.1,11.66,3.34,0.41,74,0.16
13,13,Gaëtan Laborde,,29," AM(CLR),FW",28(5),2514,13,3,0,0,2.3,71.0,1.5,4,7.12,1.4,0.3,0.8,0,0.4,0.7,0.1,0,1.3,0.8,0.8,0.2,0.9,2.1,19.3,0.5,0.3,0.1,11.15,1.85,0.4,75,0.15
14,14,Aleksandr Golovin,,27, M(CLR),29(5),2484,8,7,5,0,1.4,74.8,0.5,3,7.11,1.8,1.1,1.1,0,0.2,1.3,0,0,1.7,0.8,0.7,0.2,0.9,1.4,28.4,1,1.3,0.1,5.38,2.62,0.2,49,0.11
15,15,Seko Fofana,,28, M(C),34(1),3079,7,5,2,0,2.4,89.3,0.6,4,7.1,0.8,0.5,0.6,0,0.4,0.7,0.1,0,1,1.7,1.3,0.1,1.2,1.7,50.3,0.4,2.1,0.1,8.75,-1.75,0.26,84,0.1
16,16,Andrei Girotto,,32," D(C),DMC",36,3153,1,1,7,0,0.8,83.0,2.2,4,7.09,3.4,2,1.5,0.3,4.8,1.6,0.7,0,0.4,0.1,0.9,0,0.2,0.3,48.1,0.1,4.4,0,1.63,-0.63,0.05,27,0.06
17,17,Edon Zhegrova,,25, AM(R),11(11),1056,3,4,1,0,1.9,82.5,0.0,2,7.08,0.8,0.1,0.5,0,0,0.4,0,0,1.4,2.4,0.7,0.1,0.8,1.5,23.1,1.1,0.6,0.1,3.97,-0.97,0.34,42,0.09
18,18,Branco van den Boomen,,28, DMC,32(3),2893,5,8,6,0,1.5,83.0,0.2,1,7.08,2,0.3,0.9,0,0.7,1.5,0.1,0,2.5,0.5,0.5,0.1,0.3,0.9,54.2,2.5,7.3,0.2,5.73,-0.73,0.18,52,0.11
19,19,Jérémy Doku,,21, M(LR),13(16),1287,6,2,0,0,0.9,86.4,0.1,4,7.08,0.9,0.2,0.6,0,0.1,0.4,0,0,1,3.3,1.2,0,0.8,1.5,17,0.2,0.2,0,2.96,3.04,0.21,26,0.11
20,20,Jean-Ricner Bellegarde,,25, M(CLR),29(1),2428,2,6,5,0,1.3,81.6,0.7,5,7.07,1.6,0.9,1.2,0,0.6,0.5,0.1,0,1.9,1.9,2.4,0,1.5,2.1,36.3,1.5,1.5,0.1,2.39,-0.39,0.09,38,0.06
21,21,Steve Mounié,,29, FW,20(3),1662,6,0,2,0,2.6,56.2,6.6,2,7.07,0.6,0.1,1.6,0,0.9,0.4,0.3,0,0.6,0.4,1.1,0.4,1.2,2.3,19.3,0,0.1,0,8,-2,0.43,59,0.14
22,22,Wissam Ben Yedder,,33," AM(C),FW",28(4),2130,19,6,4,0,2.3,76.5,0.5,4,7.07,0.5,0.1,0.6,0,0,0.3,0,0,0.8,0.7,0.7,0.7,1,1.1,18.2,0.1,0.3,0,16.98,2.02,0.72,72,0.24
23,23,Fabien Centonze,,28," D(R),M(R)",19(4),1693,0,0,4,0,0.6,79.3,1.4,1,7.06,2.5,1.9,0.6,0.1,2.3,0.5,0.3,0,0.5,1.7,0.9,0,0.5,1.1,32,0.6,1.4,0,0.57,-0.57,0.03,14,0.04
24,24,Nuno Mendes,,21," D(L),M(L)",18(5),1554,1,5,2,0,0.4,86.9,0.4,0,7.04,2,0.7,1.1,0.1,0.7,0.5,0.1,0,1,1.2,1.5,0.2,0.7,1.3,35.9,0.3,0.6,0.1,1.44,-0.44,0.08,10,0.14
25,25,Maxence Caqueret,,24, M(C),32(4),2778,4,7,2,0,0.7,86.3,0.4,2,7.04,2.4,1.1,1.3,0,0.8,1.8,0.1,0,1.7,1.1,0.9,0.1,1.3,1.9,46.5,0.8,1.4,0.1,2.91,1.09,0.09,26,0.11
26,26,Alexis Sánchez,,35," M(CLR),FW",32(3),2699,14,3,3,0,1.9,75.8,1.0,6,7.04,0.8,0.1,1.3,0,0.2,0.6,0,0,1.6,1.2,1.3,0.8,1.8,2.4,25.3,0.2,1.3,0.1,12.98,1.02,0.43,66,0.2
27,27,Habib Diallo,,28," AM(R),FW",32(5),2880,20,1,2,1,2.5,67.7,3.6,5,7.04,0.5,0.3,1,0,0.7,0.3,0.1,0,0.7,0.8,1.7,0.5,0.9,3.2,15.8,0,0.3,0.1,19.93,0.07,0.62,94,0.21
28,28,Nabil Bentaleb,,29, M(C),29(1),2492,4,4,5,1,1.4,85.2,1.0,4,7.03,2.5,1.5,1.3,0.1,0.9,0.8,0.4,0,1.1,2.1,1.8,0,1.2,1.5,58.3,0.7,4,0.1,2.9,1.1,0.1,41,0.07
29,29,Przemyslaw Frankowski,,29," D(R),M(CLR)",31(6),2838,5,3,4,0,0.8,82.1,0.3,3,7.03,2.1,1.1,0.9,0.1,0.9,1.1,0.2,0,1.8,0.4,0.5,0.2,0.4,0.8,36.1,1.7,1.4,0,4.28,0.72,0.14,31,0.14
30,30,Ludovic Blas,,26," M(CLR),FW",30(7),2821,7,5,6,0,2.7,85.5,0.5,3,7.01,1.3,0.5,1.6,0,0.2,0.9,0,0,1.3,2.2,1.7,0.1,2.1,2.4,28,0.9,1.6,0,9.89,-2.89,0.32,99,0.1
31,31,Valentin Rongier,,29," D(R),M(C)",34(2),3034,1,2,8,0,0.6,88.5,1.2,1,7.0,2.6,1.5,1.4,0,0.9,1,0.3,0,0.9,0.8,0.8,0,0.8,0.9,58,0.1,2.6,0.1,1.76,-0.76,0.05,22,0.08
32,32,Franck Honorat,,27," M(LR),FW",29(4),2546,6,5,1,0,1.4,75.0,0.4,3,7.0,1.2,0.6,0.7,0,0.5,0.5,0.1,0,2.7,0.5,0.5,0.3,0.6,1.7,24.6,2.2,0.7,0,4.47,1.53,0.16,47,0.1
33,33,Loïs Openda,,24, FW,29(9),2529,21,4,2,0,2.7,71.2,0.3,6,6.99,0.3,0.1,1.1,0,0.2,0.3,0,0,0.6,0.5,1.2,0.6,0.6,1.6,10.6,0.1,0.2,0.1,17.36,3.64,0.62,104,0.17
34,34,Rayan Cherki,,20," AM(CLR),FW",21(13),1874,4,6,3,0,1.8,81.0,0.1,3,6.99,0.4,0.1,0.5,0,0,0.4,0,0,2,2.3,0.9,0.1,1.4,1.9,28.8,0.9,1.5,0.2,4.76,-0.76,0.23,61,0.08
35,35,Pierre Lees-Melou,,30, M(CLR),32,2773,5,5,10,1,1.3,83.9,0.6,3,6.99,3,1.6,1.3,0,1.3,2.1,0.4,0,0.5,0.7,1.5,0,0.6,0.9,44.2,0.2,5.5,0.1,2.01,2.99,0.07,43,0.05
36,36,Hicham Boudaoui,,24, M(CR),22(5),1882,1,2,5,0,0.8,89.7,0.3,0,6.97,2.5,1.3,1.1,0,0.6,0.7,0.2,0,0.9,1.1,1.3,0,0.6,1,44.4,0.2,1.1,0,0.85,0.15,0.04,21,0.04
37,37,Nicolas Pépé,,28," AM(CLR),FW",17(2),1529,6,0,2,0,2.6,83.1,0.4,1,6.96,1.3,0.2,0.7,0,0.1,0.7,0,0,1.5,1.8,1.8,0.3,2.7,2.4,33.6,0.9,0.7,0.1,8.18,-2.18,0.48,49,0.17
38,38,Jonathan Clauss,,31," D(R),M(LR)",32(2),2604,2,9,1,0,1.4,75.8,0.3,2,6.95,1.4,0.9,0.7,0.1,1.1,0.9,0.1,0,1.4,0.9,0.4,0.1,0.5,1.4,33.4,0.9,1.4,0.1,4.05,-2.05,0.14,48,0.08
39,39,Jonathan Gradit,,31, D(CR),33,2830,1,3,7,0,0.2,90.2,1.5,0,6.95,1.9,1.2,0.9,0.3,2.5,0.7,0.8,0,0.4,0.4,1.2,0,0.3,0.5,62.5,0.2,3.1,0.1,0.87,0.13,0.03,5,0.17
40,40,Dante,,40, D(C),37,3300,1,2,6,0,0.6,90.1,2.0,0,6.94,1.9,1.3,1,0.3,3.3,0.6,0.8,0,0.3,0.2,0.5,0,0.2,0.4,71,0,4.2,0.1,1.45,-0.45,0.04,23,0.06
41,41,Yunis Abdelhamid,,36, D(C),37,3330,1,2,6,0,0.9,83.1,2.5,1,6.94,2.2,1.7,1.3,0.6,3.1,0.4,0.7,0,0.4,0.6,0.8,0.1,0.6,0.7,54.3,0,2.9,0,2.99,-1.99,0.08,32,0.09
42,42,Rasmus Nicolaisen,,27, D(C),34,2997,0,2,5,1,0.4,84.3,3.4,1,6.94,1.4,1.5,0.9,0.3,4.4,0.5,1.3,1,0.1,0.3,0.8,0,0.2,0.2,51.7,0,3.6,0,1.21,-1.21,0.04,13,0.09
43,43,Achraf Hakimi,,25," D(LR),M(R)",23(5),2053,5,3,5,2,0.6,90.2,0.3,0,6.94,1.9,0.6,1,0,0.5,1,0.1,0,1.2,1,0.7,0.2,0.8,1,49.8,0.6,0.5,0,2.98,2.02,0.13,18,0.17
44,44,Yehvann Diouf,,24, GK,31,2790,0,0,2,0,0.0,76.4,0.5,2,6.94,0.1,0,0,0,0.7,0.1,0,0,0,0.1,0.3,0,0,0.1,28,0,6.2,0,,,,,
45,45,Kevin Danso,,25, D(C),37,3234,1,2,7,1,0.6,90.1,2.3,2,6.94,1,0.9,1.1,0.7,3.3,0.3,0.9,0,0.3,0.5,1.5,0.1,0.5,0.5,62.9,0,2.6,0,3.13,-2.13,0.09,24,0.13
46,46,Bradley Barcola,,21," AM(LR),FW",15(11),1438,5,8,3,0,1.0,72.4,0.6,3,6.94,1,0.7,0.9,0,0.3,1.2,0,0,1,1.5,0.3,0.3,0.3,1.4,16.9,0.2,0.2,0,4.63,0.37,0.29,27,0.17
47,47,Marco Verratti,,31, M(C),27(2),2206,0,0,10,1,0.3,92.9,0.4,0,6.94,2.6,0.9,1.2,0,0.4,1.8,0.2,0,1.1,1,1.8,0,1.1,0.6,87.5,0.1,2.8,0.2,0.94,-0.94,0.04,8,0.12
48,48,Vanderson,,22," D(R),M(R)",24(7),2220,1,4,3,1,0.8,77.9,0.9,2,6.93,2.7,1.5,1.2,0.1,1,1,0.3,0,0.9,0.9,0.6,0.1,0.7,1.2,35.2,0.7,2.2,0,2.22,-1.22,0.09,26,0.09
49,49,Adrien Thomasson,,30, M(CLR),16(4),1288,5,5,1,0,1.1,80.3,0.6,0,6.92,1.2,0.2,1.1,0,0.8,1.7,0.1,0,1,0.6,0.9,0.3,0.9,1.3,27.1,0.2,0.9,0.1,3.44,1.56,0.24,21,0.16
50,50,Alexander Djiku,,29," D(CR),DMC",31,2681,1,2,8,1,0.5,80.8,3.0,1,6.92,1.7,2.1,1.3,0.4,4.8,0.6,0.6,0,0.4,0.1,0.8,0.1,0.2,0.3,48,0.1,4.5,0,1.01,-0.01,0.03,17,0.06
51,51,Caio Henrique,,26," D(L),M(CL)",32(3),2898,1,9,3,0,0.3,80.3,0.5,2,6.92,2.1,0.7,0.4,0.2,1.5,0.9,0.2,1,1.5,0.5,0.7,0,0.3,0.8,44.2,1.1,1.7,0.1,0.75,0.25,0.02,10,0.08
52,52,Karl Toko-Ekambi,,31," AM(LR),FW",15(4),1357,4,2,1,0,2.2,82.3,0.8,2,6.91,0.5,0.5,0.4,0,0.3,0.6,0.1,0,1.4,1.4,0.5,0.1,1.3,2,30.4,0.3,1.4,0.1,4.6,-0.6,0.31,41,0.11
53,53,Jonathan Bamba,,28," AM(CLR),FW",32(2),2790,6,7,6,0,2.1,83.8,0.6,2,6.91,1.1,0.6,1,0,0.4,0.9,0,0,1.4,1,1.7,0.4,1.8,1.9,37.7,0.4,0.9,0.1,8.96,-2.96,0.29,71,0.13
54,54,Neto Borges,,27," D(CL),M(L)",33,2840,3,1,2,2,0.7,79.5,1.1,4,6.91,2.3,1.2,0.6,0.2,1.5,0.9,0.3,0,0.8,1.4,1.4,0.2,0.6,1.3,34.9,0.6,0.8,0,3.18,-0.18,0.1,23,0.14
55,55,Khéphren Thuram,,23," DMC,M(L)",30(5),2560,2,4,3,0,1.1,86.9,0.5,1,6.91,1.5,1.1,0.9,0,0.9,0.7,0.4,0,1,1.3,0.5,0.1,1,0.9,37.7,0.1,1.2,0.1,2.94,-0.94,0.1,38,0.08
56,56,Folarin Balogun,,22, FW,34(3),3013,21,2,5,0,3.5,72.5,0.4,4,6.9,0.2,0.1,1,0,0.4,0.5,0,0,1,0.9,1.5,0.8,2,2.5,14.8,0.2,0.3,0,24.97,-3.97,0.75,128,0.2
57,57,Azor Matusiwa,,26, DMC,29(1),2492,0,0,4,0,0.4,85.7,1.1,0,6.89,2.2,1.5,1.4,0,1.6,0.8,0.4,0,0.8,0.5,1.1,0,0.4,0.8,53.3,0,3.8,0,0.34,-0.34,0.01,11,0.03
58,58,Youssouf Fofana,,25, DMC,35(1),3089,2,2,1,2,1.2,82.5,0.6,0,6.89,2.3,1.6,1.4,0,0.9,1,0.2,1,0.9,1.3,1.1,0.1,1.1,1.3,47.7,0,2.6,0.2,2.42,-0.42,0.07,42,0.06
59,59,Fabián Ruiz,,28, M(CL),21(6),1899,3,2,0,0,1.0,92.3,0.2,1,6.89,2.3,0.7,0.7,0,0.8,1.3,0,0,0.6,0.7,0.5,0.1,0.6,0.9,64.1,0,2.1,0.1,2.62,0.38,0.12,26,0.1
60,60,Junya Ito,,31," M(LR),FW",34(1),2930,6,5,3,1,1.2,71.3,0.8,3,6.89,1.1,0.2,0.6,0,0.1,1.1,0,0,1.9,1.8,1.2,0.9,1.3,2.5,25.8,1.4,0.5,0.1,5.77,0.23,0.18,42,0.14
61,61,Romain Del Castillo,,28," AM(CLR),FW",16(11),1429,6,6,2,0,1.3,72.3,0.7,2,6.88,1.4,0.4,0.7,0,0.2,0.7,0,0,1.3,1,0.9,0,1.1,1.7,20.3,1.2,0.9,0.1,6.27,-0.27,0.39,36,0.17
62,62,Gianluigi Donnarumma,,25, GK,38,3410,0,0,3,0,0.0,84.0,0.3,3,6.88,0,0,0,0,0.7,0,0,0,0,0,0.1,0,0,0,20.2,0,1.9,0,,,,,
63,63,Marshall Munetsi,,27," D(C),M(C)",31(3),2708,7,3,6,0,2.0,75.3,1.7,0,6.88,1.7,0.8,1.9,0.1,1.1,0.8,0.3,0,0.9,0.6,1.1,0.1,0.5,1.6,25.3,0.1,1.1,0,9.9,-2.9,0.33,68,0.15
64,64,Cengiz Ünder,,26, M(CLR),28(9),2497,5,4,3,0,1.9,77.1,0.3,4,6.87,1,0.5,0.8,0,0.3,0.6,0.1,0,1.5,1.1,0.8,0.2,0.8,1.6,24.9,1,1.3,0.1,8.74,-3.74,0.32,71,0.12
65,65,Elye Wahi,,21," AM(L),FW",29(4),2530,19,5,8,1,1.9,70.7,0.6,2,6.87,0.3,0.1,1,0,0.1,0.3,0.1,0,0.7,0.9,1.2,0.8,1.4,2.6,12.6,0.1,0.2,0,12.61,6.39,0.45,63,0.2
66,66,Rony Lopes,,28," AM(CLR),FW",29(3),2360,7,5,2,0,1.8,75.2,0.6,2,6.87,0.8,0.3,0.6,0,0.3,0.8,0.1,0,1.6,1.4,1,0,1.2,1.4,23.5,1.1,1.3,0.1,4.49,2.51,0.17,57,0.08
67,67,Nicolás Tagliafico,,31," D(CL),M(L)",34,2995,1,3,5,0,0.7,85.8,1.3,1,6.86,2.7,1.7,1.2,0.1,1.3,0.8,0.3,0,0.7,0.3,1.7,0.1,0.5,1.4,45.7,0.2,1,0,2.13,-1.13,0.06,23,0.09
68,68,Malo Gusto,,20," D(R),M(R)",19(2),1602,0,1,1,0,0.3,85.1,0.4,1,6.86,2,1.3,1,0.2,0.7,1,0.2,1,1.1,1,1.1,0.1,0.6,0.8,54,1.6,2,0,0.56,-0.56,0.03,7,0.08
69,69,Nuno Tavares,,24," D(L),M(L)",23(8),2349,6,0,6,1,2.1,79.1,0.7,1,6.86,1.8,0.5,1.2,0.1,0.7,0.9,0.1,0,0.8,1.7,1.2,0.2,2.2,2.4,33.1,0.5,1.2,0.1,3.64,2.36,0.14,65,0.06
70,70,Jordan Veretout,,31, M(C),31(7),2864,4,3,4,0,0.8,87.9,0.5,1,6.85,1.5,0.9,0.9,0.1,1.1,0.7,0.2,1,0.9,0.3,0.6,0.1,0.3,0.7,54,0.6,3.8,0.1,3.56,0.44,0.11,31,0.11
71,71,Baptiste Santamaría,,29, DMC,20(5),1815,2,0,2,0,0.8,85.5,2.4,1,6.84,1.6,0.8,0.9,0,0.9,0.8,0.2,0,0.5,0.4,0.8,0,0.4,1.2,52.3,0,3.9,0,1.28,0.72,0.06,19,0.07
72,72,Rafael Ratão,,28, AM(LR),25(5),1871,5,4,2,0,1.0,77.7,0.3,1,6.84,1.7,0.7,0.9,0,0.2,1.5,0,0,1,1.3,1.1,0.1,1,1.9,24.2,0.3,0.8,0.1,4.28,0.72,0.21,31,0.14
73,73,Axel Disasi,,26, D(CR),37(1),3330,3,3,3,0,0.8,83.8,2.6,1,6.83,0.8,1.5,0.8,0.4,2.9,0.4,0.8,0,0.2,0.6,0.3,0,0.4,0.5,50.5,0.1,3.7,0,3.76,-0.76,0.1,29,0.13
74,74,Samuel Gigot,,30, D(C),24(2),1889,2,2,3,2,0.5,87.3,2.2,2,6.83,1.8,1.7,1.7,0.2,3.1,0.1,0.3,0,0.2,0.2,0.5,0,0.1,0.4,43.1,0,1.2,0,2.46,-0.46,0.12,12,0.2
75,75,Breel Embolo,,27," AM(CR),FW",19(13),1856,12,2,3,0,1.3,70.1,1.1,1,6.83,0.5,0.2,1.6,0.1,0.4,0.2,0.1,0,0.9,1,1.8,0.4,1.4,2.1,13.6,0,0.3,0,10.57,1.43,0.51,41,0.26
76,76,Adrien Truffert,,22," D(L),M(L)",24(4),1962,0,6,2,0,0.4,80.8,1.2,1,6.83,2.2,0.8,0.7,0.2,1.6,0.5,0.3,0,0.8,0.8,0.9,0.1,0.5,1,40.5,0.4,1,0,0.39,-0.39,0.02,10,0.04
77,77,Ismaily,,34, D(L),21(2),1785,2,1,0,0,0.6,81.0,1.6,0,6.83,1.8,0.9,0.6,0.3,1.4,0.7,0.2,0,0.9,0.7,1,0.1,1.3,1.1,42.5,0.1,0.5,0,1.38,0.62,0.07,13,0.11
78,78,Corentin Tolisso,,29," D(R),M(CR)",25(5),2050,1,2,3,0,1.0,88.8,1.2,1,6.82,1.5,0.8,0.9,0,0.7,1.4,0.2,0,1.1,0.2,1.3,0,0.6,0.7,63.6,0.4,4.6,0.3,1.82,-0.82,0.08,30,0.06
79,79,Alexis Flips,,24, M(CLR),28(5),1998,4,6,3,1,1.6,72.6,0.4,2,6.82,1.5,0.7,0.7,0.1,0.3,1.1,0.2,0,1.3,0.4,0.7,0.1,0.7,1.8,25.2,1.2,1.6,0.2,3.29,0.71,0.15,53,0.06
80,80,Mory Diaw,,30, GK,37,3330,0,0,0,0,0.0,66.8,0.1,3,6.82,0,0.1,0,0,0.5,0.1,0,0,0.1,0,0.2,0,0,0,34.9,0,8.4,0,,,,,
81,81,Hamari Traoré,,32," D(R),M(R)",28(3),2531,1,4,5,0,1.0,87.0,1.1,0,6.82,1.5,1.2,1.1,0.2,1.9,0.8,0.2,0,0.7,0.3,0.2,0.1,0.3,0.8,51.2,0.5,2.1,0.1,1.69,-0.69,0.06,30,0.06
82,82,Sergio Ramos,,38, D(CR),31(2),2709,2,1,3,1,0.6,94.8,1.7,0,6.82,1,1,1.1,0.5,2.8,0.6,0.4,0,0.1,0.2,0.7,0.1,0.2,0.2,75.5,0.1,4.8,0,1.94,0.06,0.06,19,0.1
83,83,Jordan Lotomba,,25," D(LR),M(R)",27(6),2456,0,2,4,0,0.4,85.2,0.8,2,6.82,2,1,0.7,0.2,1.4,0.5,0.3,0,0.5,1.2,0.9,0,0.7,1.2,34.7,0.4,0.6,0.1,0.86,-0.86,0.03,13,0.07
84,84,Chancel Mbemba,,29," D(CLR),DMC",32(4),2850,5,0,2,0,0.8,84.4,2.0,1,6.82,1.2,1.2,0.5,0.1,2.4,0.3,0.3,0,0.1,0.4,0.5,0,0.3,0.7,46.2,0.2,1.8,0,3.16,1.84,0.1,27,0.12
85,85,Stijn Spierings,,28, M(C),35(1),3123,2,0,6,0,0.7,86.1,0.6,0,6.81,2.6,1.5,1.5,0,1.2,1.6,0.3,0,0.6,0.4,1.4,0,0.7,0.8,57,0.1,3.9,0,1.41,0.59,0.04,24,0.06
86,86,Pau López,,29, GK,32(1),2925,0,2,3,0,0.0,76.0,0.3,1,6.81,0,0,0.1,0,0.6,0,0,0,0.1,0,0.2,0,0,0,29.7,0,5.4,0,,,,,
87,87,Alban Lafont,,25, GK,37,3330,0,0,0,1,0.0,64.6,0.2,5,6.81,0,0,0,0,1.3,0,0,0,0,0,0.1,0,0,0.1,26.7,0,6.1,0,,,,,
88,88,Mikkel Desler,,29," D(R),M(R)",26(1),2262,1,2,4,1,0.4,86.2,0.9,1,6.8,2.6,1.3,1,0,1.7,0.9,0.2,0,0.6,1,1.2,0.2,0.6,1.5,48.8,0.3,1.3,0,0.86,0.14,0.03,11,0.08
89,89,Facundo Medina,,24, D(CL),32,2784,2,4,7,0,0.6,90.8,1.2,1,6.8,1,0.8,1.1,0.2,1.8,0.7,0.3,0,0.5,0.8,0.6,0,0.7,0.7,76.8,0.3,3,0.1,2.66,-0.66,0.09,18,0.15
90,90,Maxime Dupé,,31, GK,38,3420,0,0,1,0,0.0,75.2,0.3,4,6.8,0,0,0,0,0.7,0,0,0,0,0.1,0.1,0,0,0.1,28.8,0,4.8,0,0.06,-0.06,0,1,0.06
91,91,Adam Ounas,,27," AM(CLR),FW",12(9),1065,1,1,2,0,1.2,79.7,0.2,1,6.8,1,0.3,0.7,0,0.1,0.2,0,0,1.2,1.8,1.4,0.1,1.2,1.2,23,0.6,1.3,0.1,2.22,-1.22,0.19,26,0.09
92,92,Brendan Chardonnet,,29, D(C),27(3),2489,0,0,6,0,0.5,80.8,3.1,0,6.79,1.5,2.1,1.3,0.3,2.8,0.6,0.6,1,0.3,0.1,0.9,0,0.1,0.2,43.5,0.1,4.9,0,1.18,-1.18,0.04,16,0.07
93,93,Montassar Talbi,,25, D(C),38,3420,1,2,0,0,0.2,89.1,2.4,1,6.79,1.4,1.1,0.4,0.4,4.8,0.3,0.9,0,0.1,0.2,0.7,0,0.2,0.4,51.7,0,1.8,0,1.06,-0.06,0.03,9,0.12
94,94,Johan Gastien,,36, DMC,29(2),2607,4,3,7,0,0.6,84.7,0.3,2,6.79,2,1.2,0.6,0.1,0.7,2.4,0.2,0,0.9,0.3,1.1,0,0.4,0.8,65.3,0.7,5.3,0.1,1.47,2.53,0.05,19,0.08
95,95,Alexsandro Ribeiro,,24, D(C),16(5),1611,3,0,4,0,0.8,90.8,1.5,2,6.79,1.5,1.2,0.9,1,2.7,0.4,0.1,0,0.1,0.7,1,0.1,0.2,0.5,60.1,0,2.5,0,1.95,1.05,0.11,17,0.11
96,96,Salis Abdul Samed,,24, DMC,33,2897,1,1,6,1,0.4,92.6,0.4,0,6.79,1.4,1.1,2.2,0,0.7,0.7,0.3,1,0.5,0.9,1.2,0,1,1.2,59.4,0.1,1.4,0.2,1.29,-0.29,0.04,13,0.1
97,97,Emmanuel Agbadou,,26," D(CR),DMC",27(2),2390,0,3,5,3,0.8,86.0,2.1,1,6.79,2.4,1.1,1,0.2,3.6,0.8,0.5,1,0.4,0.3,0.2,0,0.4,0.8,51.1,0,3.7,0.2,1.71,-1.71,0.06,22,0.08
98,98,Kasper Schmeichel,,37, GK,36,3240,0,0,0,0,0.0,74.9,0.1,2,6.79,0,0,0,0,0.4,0.1,0,0,0.1,0,0,0,0,0.1,29.7,0,7.4,0,,,,,
99,99,Jean-Clair Todibo,,24, D(C),33(1),2873,0,0,2,2,0.4,88.9,1.1,1,6.79,2.2,1.2,0.6,0.5,3.1,0.4,0.6,0,0.1,0.6,0.4,0,0.3,0.7,63.8,0,3.1,0,0.81,-0.81,0.03,14,0.06
100,100,Mohamed Camara,,24, DMC,25(4),2200,0,3,6,1,0.9,87.6,0.5,1,6.78,2.9,0.9,1.6,0.1,0.4,1.5,0.2,0,0.6,0.8,2,0,0.9,1.2,43.8,0.1,3.4,0.1,1.06,-1.06,0.04,27,0.04
101,101,Krépin Diatta,,25," D(R),M(CLR),FW",22(9),2079,4,2,3,0,1.3,79.4,1.3,1,6.78,1,0.5,0.6,0,0.4,0.6,0,0,0.8,1,0.8,0.3,0.6,1.5,22.4,0.5,0.4,0,4.83,-0.83,0.21,40,0.12
102,102,Himad Abdelli,,24," AM(CL),FW",24(6),2141,2,2,3,0,0.8,85.1,0.6,3,6.78,2.1,0.9,1.4,0,0.4,1.2,0,0,1.2,1.4,1,0,0.7,1.2,40.1,0.4,2.1,0.1,1.06,0.94,0.04,24,0.04
103,103,Rominigue Kouamé,,27, DMC,31(1),2669,1,1,9,0,0.8,89.1,0.7,1,6.77,1.4,1.5,1.6,0,1.4,0.8,0.3,0,0.7,1.6,1.5,0,0.8,1.2,43.6,0.1,2.3,0.1,1.35,-0.35,0.05,24,0.06
104,104,Brice Samba,,30, GK,37,3330,0,0,3,0,0.0,73.0,0.2,1,6.77,0,0,0,0,0.4,0,0,0,0.1,0,0.2,0,0,0,29.6,0,6.2,0,,,,,
105,105,Arnaud Nordin,,25," AM(CLR),FW",30(6),2419,9,3,4,0,1.6,78.0,0.6,1,6.76,0.7,0.4,0.6,0,0.2,0.4,0,0,0.6,1.1,2.3,0.1,1.2,1.7,16.6,0.2,0.5,0.1,7.46,1.54,0.28,59,0.13
106,106,Danilo Pereira,,32," D(C),DMC",27(6),2411,2,0,3,0,0.7,94.6,1.0,0,6.76,1,1.1,0.5,0.4,1.8,0.2,0.6,0,0.1,0.3,0.4,0,0.3,0.4,61.8,0,2.5,0,2.96,-0.96,0.11,22,0.13
107,107,Guillermo Maripán,,29, D(C),25(1),2160,3,0,4,1,0.6,87.5,1.8,1,6.76,1.8,1.5,1,0.4,3.2,0.6,1,1,0.1,0,0.3,0,0.2,0.3,44.6,0,3,0,1.8,1.2,0.08,16,0.11
108,108,Nordi Mukiele,,26," D(CR),M(R)",12(7),1133,0,3,0,0,0.6,88.4,1.1,1,6.76,1.6,0.7,0.8,0.1,0.8,0.5,0.5,0,0.5,0.3,0.7,0.1,0.6,0.6,31.7,0.1,0.6,0,0.98,-0.98,0.08,11,0.09
109,109,Melvin Bard,,23," D(L),M(L)",28(5),2460,0,0,6,0,0.2,82.3,1.0,0,6.75,2.9,1.9,0.9,0.2,1,0.9,0.1,0,0.3,0.7,0.6,0.1,0.5,0.7,37.3,0.3,1.2,0,0.31,-0.31,0.01,7,0.04
110,110,Sinaly Diomandé,,23, D(CR),22(2),1959,0,0,2,1,0.4,85.6,2.3,0,6.75,1.8,2,1,0.5,2.9,0.8,0.5,0,0.1,0.4,0.9,0,0.2,0.8,58.8,0,2.4,0,1.06,-1.06,0.05,10,0.11
111,111,Alidu Seidu,,23, D(CR),28,2463,0,0,10,1,0.2,86.8,0.9,0,6.75,1.9,1.9,1.2,0.1,1.7,0.7,0.5,0,0.3,1.1,2.5,0,0.5,1.2,43.7,0.2,2.2,0,0.1,-0.1,0,6,0.02
112,112,Faitout Maouassa,,25," D(L),M(LR)",23(10),1935,5,5,0,0,1.0,69.7,0.4,0,6.75,1.6,0.6,1,0,0.5,0.7,0.1,0,0.7,0.8,0.9,0.1,0.7,1,14.3,0.7,0.5,0,3.46,1.54,0.16,34,0.1
113,113,Sead Kolasinac,,30," D(CL),DMC,M(L)",26(7),2219,4,1,3,0,0.7,86.3,1.2,2,6.74,1.6,1.3,1.3,0.1,1.1,0.4,0.1,0,0.3,0.1,0.5,0.1,0.2,0.8,38.3,0.2,0.8,0,4.61,-0.61,0.19,22,0.21
114,114,Vitinha,,24, M(C),29(7),2461,2,3,3,0,0.9,92.4,0.1,0,6.74,1.6,0.7,0.9,0,0.4,1.6,0.1,0,0.8,0.9,0.5,0,0.9,0.9,53.4,0.1,1.3,0.1,3.17,-1.17,0.12,31,0.1
115,115,Christopher Jullien,,31, D(C),30,2696,0,2,5,0,0.6,83.1,2.9,0,6.74,1.5,1.4,1.1,0.2,3.7,0.8,0.6,0,0.2,0.2,0.2,0.1,0.1,0.5,35.3,0,2.7,0,1.2,-1.2,0.04,17,0.07
116,116,Saîf-Eddine Khaoui,,29, AM(CR),23(11),2036,7,3,4,0,1.4,73.1,0.4,2,6.74,1.4,1,0.7,0,0.2,0.9,0.1,0,1.1,0.7,1.1,0.2,0.7,1.3,19.1,0.3,0.7,0,5.34,1.66,0.24,47,0.11
117,117,Jérémy Le Douaron,,26," AM(L),FW",24(8),2080,10,3,1,0,1.7,73.0,1.9,2,6.73,0.5,0.3,1,0,0.8,0.8,0.1,0,0.5,0.7,1.1,0.3,1.1,2.3,11,0.2,0.1,0,8.88,1.12,0.38,55,0.16
118,118,Castello Lukeba,,21, D(C),33(1),2986,2,0,7,1,0.4,90.4,1.1,0,6.73,1.1,2.2,1.1,0.8,3,0.3,0.7,1,0.1,0.3,0.6,0,0.2,0.6,65.9,0.1,2.1,0,1.53,0.47,0.05,13,0.12
119,119,Mama Baldé,,28," D(R),M(CLR),FW",30(4),2672,12,3,4,2,2.2,68.1,1.3,3,6.73,1.4,0.3,1.1,0,0.4,0.4,0.1,0,0.6,1.6,1.4,0.6,2,3.6,16.7,0.1,0.6,0,11.03,0.97,0.37,75,0.15
120,120,Gideon Mensah,,25," D(L),M(L)",26,2263,0,0,5,0,0.2,79.6,0.8,2,6.73,3.1,1.5,1.1,0.2,1.5,1.3,0.4,0,1,1,0.7,0,0.5,1.7,44.2,0.6,2.5,0.1,0.1,-0.1,0,5,0.02
121,121,Sofiane Diop,,23, AM(CLR),14(8),1231,1,4,1,0,1.3,82.5,0.5,1,6.73,1,0.7,0.4,0,0.1,0.6,0.1,0,1,1,1.2,0.1,1,1.8,29.6,0.5,1.2,0,2.31,-1.31,0.17,28,0.08
122,122,Jubal,,30, D(C),35(2),3216,3,1,7,0,0.5,81.9,2.1,2,6.73,1.1,1.4,1,0.8,5.1,0.5,0.9,0,0.1,0.1,0.6,0.1,0.1,0.6,36.2,0.1,3.8,0,3.64,-0.64,0.1,19,0.19
123,123,Leonardo Balerdi,,25, D(C),30(5),2643,0,1,9,1,0.3,84.1,2.0,0,6.73,1.6,1.8,1.5,0.2,2.5,0.4,0.8,1,0.1,0.3,0.6,0,0.1,0.7,46.9,0,3.1,0,1.47,-1.47,0.05,11,0.13
124,124,Quentin Merlin,,21," D(L),M(L)",22(2),1803,1,2,2,0,0.6,77.9,0.7,1,6.73,1.3,1,0.5,0.1,1,0.8,0.2,0,1.4,0.9,0.6,0,0.4,1,37.3,1.2,2.6,0,0.63,0.37,0.03,15,0.04
125,125,Badredine Bouanani,,19, AM(R),9(10),861,0,4,0,0,1.3,83.3,0.1,0,6.72,0.7,0.1,0.5,0,0,0.4,0,0,1.2,1.4,1.1,0.1,0.7,1.2,17.1,0.6,0.9,0.1,1.25,-1.25,0.13,24,0.05
126,126,Lovro Majer,,26, AM(CR),18(14),1670,2,5,3,0,1.1,82.1,0.2,1,6.72,1.1,0.7,1.5,0,0.1,0.7,0,0,1.1,0.9,0.9,0.1,1,1.4,28,0.5,1.1,0.1,3.03,-1.03,0.16,34,0.09
127,127,Laurent Abergel,,31, DMC,28(1),2351,0,1,5,1,0.4,88.7,0.3,0,6.72,3.2,1.2,1,0,1.2,1.8,0.3,0,0.5,0.8,1,0,0.7,1,50.8,0,2.3,0.2,0.43,-0.43,0.02,13,0.03
128,128,Deiver Machado,,30, M(L),26(7),2206,4,3,5,1,0.5,85.7,0.5,2,6.72,1.4,0.6,1.3,0.1,0.7,0.4,0.1,0,0.6,0.5,1.4,0.2,0.3,0.9,20.3,0.4,0.4,0,1.04,2.96,0.04,18,0.06
129,129,Marquinhos,,29," D(CR),DMC",30(3),2718,2,0,4,0,0.5,95.4,1.1,0,6.72,1,0.7,0.4,0.3,2.4,0.2,0.8,1,0.3,0,0.3,0,0.2,0.4,65.2,0,1.9,0,2.21,-0.21,0.07,18,0.12
130,130,Désiré Doué,,18, AM(CLR),11(15),1116,3,1,5,0,0.8,81.2,0.4,1,6.71,1.4,0.5,1.4,0,0.1,0.7,0,0,0.6,1.8,1.1,0.2,1.2,1.3,16.2,0.3,0.9,0,1.54,1.46,0.12,21,0.07
131,131,Angel Gomes,,23," M(CL),FW",34(2),2836,2,6,9,0,1.6,87.9,0.3,1,6.71,1.1,0.4,1.5,0,0.3,0.9,0.1,0,0.9,0.8,1.4,0,0.7,1.1,47.6,0.3,3,0.1,4.56,-2.56,0.14,56,0.08
132,132,Arthur Theate,,23, D(CL),35,3129,4,0,5,0,0.9,89.6,2.0,1,6.71,0.8,0.9,0.7,0.8,3.2,0.4,0.4,1,0.3,0.2,0.4,0,0.1,0.4,73,0,3.7,0,3.91,0.09,0.11,31,0.13
133,133,André Gomes,,30, M(CLR),18(8),1628,3,2,6,0,0.7,89.2,0.7,1,6.71,1.4,0.3,1.9,0.1,0.6,1.3,0.2,0,0.5,1.1,0.7,0,1,1.2,50.5,0.1,2.5,0,1.17,1.83,0.06,18,0.07
134,134,Steve Mandanda,,39, GK,34,3016,0,1,1,0,0.0,71.9,0.2,2,6.7,0,0,0.1,0,0.4,0.1,0,0,0,0,0.1,0,0,0.1,30.8,0,6.4,0,,,,,
135,135,Marco Bizot,,33, GK,37,3330,0,0,4,0,0.0,68.2,0.1,3,6.7,0,0,0,0,1,0,0,0,0,0,0.1,0,0,0,25.2,0,6.2,0,,,,,
136,136,Zakaria Aboukhlal,,24, AM(LR),28(9),2480,10,5,4,0,2.2,76.7,0.3,3,6.7,0.9,0.6,1.1,0,0.5,0.8,0,0,0.6,1.1,1.2,0.5,1,2.2,19.5,0.1,0.2,0,12.99,-2.99,0.47,83,0.16
137,137,Farès Chaïbi,,21," AM(CL),FW",24(12),2345,5,5,2,0,1.8,76.5,0.9,0,6.7,0.9,0.5,0.9,0,0.8,0.9,0.1,0,0.8,0.3,0.6,0.2,0.7,1.5,26.1,0.3,1.2,0.1,5.85,-0.85,0.22,63,0.09
138,138,Jean-Charles Castelletto,,29, D(CR),30(2),2569,0,0,3,0,0.3,82.8,2.4,0,6.69,1.3,1.8,0.9,0.2,2.7,0.4,0.7,0,0.2,0.3,0.6,0,0.2,0.6,41.4,0.1,2.2,0,0.56,-0.56,0.02,9,0.06
139,139,Aaron Ramsey,,33, M(CLR),18(9),1588,1,1,3,0,0.8,87.8,0.2,1,6.69,1.7,0.6,0.9,0,0.6,0.9,0.1,0,1,0.5,0.7,0.1,1.2,0.9,37.7,0.6,2.5,0.1,2.94,-1.94,0.17,22,0.13
140,140,Tiago Djaló,,24, D(CLR),24(1),2022,2,0,7,0,0.6,93.1,1.1,1,6.69,1.2,0.9,0.8,0.4,2.1,0.3,0.4,1,0.1,0.2,0.7,0,0.3,0.2,62.9,0,2.6,0,1.9,0.1,0.08,15,0.13
141,141,Gédéon Kalulu,,26," D(R),M(R)",28(1),2442,0,4,6,0,0.3,82.0,1.0,1,6.69,2.2,1,1,0.2,2.4,0.6,0.1,0,0.8,0.7,0.6,0.1,0.6,1.1,40.2,0.2,1.9,0,0.47,-0.47,0.02,10,0.05
142,142,Nuno da Costa,,33," AM(CLR),FW",23(10),2017,5,4,3,1,1.2,69.9,1.4,3,6.69,1.4,0.6,1.1,0,0.4,1.1,0,0,0.8,1.4,1.7,0.2,1.2,2.8,11.1,0.2,0.6,0.1,3.99,1.01,0.18,39,0.1
143,143,Anthony Lopes,,33, GK,32,2817,0,0,2,1,0.0,74.3,0.1,0,6.69,0,0.1,0.1,0,0.6,0.1,0,0,0,0,0.2,0,0,0,27.7,0,4.8,0,,,,,
144,144,Alexander Nübel,,27, GK,38,3420,0,0,2,0,0.0,69.4,0.2,1,6.68,0,0,0,0,0.4,0,0,0,0,0,0.1,0,0,0,24.7,0,6.8,0,,,,,
145,145,Joris Chotard,,22, DMC,26(9),2461,0,6,4,0,0.3,81.3,0.4,1,6.67,1.8,1.1,0.9,0.1,1,1.1,0.3,0,0.8,0.4,0.5,0.1,0.3,0.6,30.1,0.3,2.1,0.1,0.56,-0.56,0.02,12,0.05
146,146,Nicolas Pallois,,36, D(C),26,2217,1,0,2,1,0.3,83.8,1.3,1,6.67,2.7,1.2,0.8,0.7,4.9,1.1,0.7,1,0.2,0.3,0.2,0,0.3,0.7,44.5,0.1,3.7,0,1.43,-0.43,0.06,9,0.16
147,147,Dimitri Payet,,37," M(CLR),FW",9(15),828,4,3,0,0,1.2,80.3,0.2,2,6.67,0.3,0,0.2,0,0.2,0.3,0,0,1.3,0.8,0.8,0.1,0.4,0.6,19,0.6,1.5,0.1,3.67,0.33,0.4,28,0.13
148,148,Bafodé Diakité,,23, D(CR),29(4),2656,3,0,6,0,0.6,89.8,1.2,1,6.66,1.6,0.5,1.4,0.2,1.6,0.8,0.2,1,0.2,0.6,0.4,0,0.5,0.8,51.1,0.1,1.3,0,1.76,1.24,0.06,19,0.09
149,149,Lilian Brassier,,24, D(CL),35(1),3094,0,0,5,0,0.6,78.2,1.7,0,6.66,1.2,1.5,1.2,0.7,3.4,0.3,0.5,0,0.2,0.4,0.4,0,0.4,0.6,41.5,0.2,4.4,0,0.87,-0.87,0.03,20,0.04
150,150,Anthony Rouault,,22, D(C),37,3316,2,0,2,1,0.5,87.5,2.4,2,6.65,1.8,1.5,0.6,0.5,3.4,0.8,0.7,1,0.1,0.1,0.5,0,0.1,0.6,55.4,0,3.5,0,3.3,-1.3,0.09,19,0.17
151,151,Maximiliano Caufriez,,27, D(CR),25(1),2224,1,0,8,1,0.5,88.7,0.8,1,6.65,1.5,1.3,1.1,0.3,2.4,0.3,0.7,0,0,0.2,1.3,0,0.3,0.5,43.1,0,2.5,0,0.7,0.3,0.03,14,0.05
152,152,Maxime Le Marchand,,34, D(CL),23(3),2018,0,0,4,1,0.3,79.9,2.3,0,6.65,1.5,1.4,1.2,0.4,2.7,0.5,0.5,0,0.1,0.6,0.3,0,0.2,0.4,45.3,0.2,3.1,0,0.52,-0.52,0.02,8,0.07
153,153,Grejohn Kyei,,28, FW,26(11),2244,10,3,3,0,1.6,72.4,1.3,5,6.65,0.4,0.2,1.6,0,0.6,0.2,0.1,0,0.4,1.1,1.1,0.4,1.3,2.6,13.9,0.1,0.5,0,12.42,-2.42,0.5,60,0.21
154,154,Thijs Dallinga,,23, FW,28(8),2363,12,1,4,0,1.7,65.0,1.6,1,6.65,0.2,0.1,1,0,0.6,0.3,0.1,0,0.6,0.3,0.5,0.6,0.5,1.1,13.9,0,0.3,0,11.48,0.52,0.44,61,0.19
155,155,Ruslan Malinovskyi,,30," M(CLR),FW",13(7),1232,1,1,4,0,1.8,79.8,0.8,0,6.65,1.1,0.2,1.5,0,0.5,0.8,0.1,0,1,1.4,0.9,0.1,1,1.5,24.7,0.6,1.1,0.1,2.35,-1.35,0.17,35,0.07
156,156,Ismaël Doukouré,,20," D(C),DMC",25(3),2301,1,1,5,0,0.3,83.2,1.1,0,6.65,1.7,1,1.1,0.7,1.9,0.5,0.3,0,0.1,1,1,0,0.7,0.8,37.3,0.1,2.5,0.1,0.21,0.79,0.01,9,0.02
157,157,Mostafa Mohamed,,26, FW,18(18),1936,8,2,1,0,1.6,62.6,2.1,1,6.64,0.5,0.3,1.2,0,0.9,0.3,0,0,0.4,0.6,0.8,0.4,0.6,1.5,9.4,0,0.2,0,7.48,0.52,0.35,58,0.13
158,158,Julien Laporte,,30, D(C),19(1),1656,0,0,1,0,0.3,85.4,1.6,0,6.64,1.1,0.9,0.5,0.3,5.3,0.3,1.4,1,0.1,0.1,0.8,0.1,0.1,0.3,39.8,0,3,0,0.31,-0.31,0.02,6,0.05
159,159,Eliesse Ben Seghir,,19, FW,13(6),1060,4,1,1,0,1.1,79.6,0.5,1,6.64,0.9,0.2,0.9,0,0,0.4,0.1,0,0.7,0.7,1.8,0.2,1.2,2.1,22.5,0,0.5,0.1,1.94,2.06,0.16,21,0.09
160,160,Vincent Le Goff,,34," D(CL),M(L)",37,3330,0,0,1,0,0.5,83.9,0.8,0,6.63,2,1.1,0.5,0.1,2.4,0.5,0.2,0,0.4,0.3,0.5,0.1,0.3,0.5,47,0.4,1.2,0,1.21,-1.21,0.03,17,0.07
161,161,Mahdi Camara,,25," D(CR),M(C)",20(11),1825,2,0,4,1,0.8,84.2,0.6,0,6.63,2,1.3,0.7,0,0.5,0.6,0.1,0,0.3,0.8,1,0,0.5,0.9,21.8,0,0.5,0,2.98,-0.98,0.15,24,0.12
162,162,Mattéo Guendouzi,,25, M(C),25(8),2113,2,4,3,0,0.8,87.9,0.7,0,6.63,1.2,0.6,0.8,0,0.5,0.7,0.2,1,0.6,0.4,1.1,0,0.4,0.8,37.3,0.1,2.2,0.1,3.33,-1.33,0.14,25,0.13
163,163,Hamza Sakhi,,27, AM(C),18(9),1660,1,2,1,0,1.1,86.4,0.2,2,6.63,1.6,0.9,0.5,0,0.3,0.7,0,0,1.4,0.6,0.8,0.2,0.5,0.7,31.5,0.8,3.7,0.1,1.14,-0.14,0.06,30,0.04
164,164,Lucas Chevalier,,22, GK,32,2880,0,0,1,0,0.0,74.2,0.1,0,6.63,0.1,0.1,0,0,0.4,0,0,0,0.1,0,0.2,0,0,0,27.7,0,3.5,0,,,,,
165,165,Flavien Tait,,31, M(CLR),19(11),1685,2,2,2,0,0.8,86.5,0.2,1,6.62,1,0.7,0.8,0,0.3,0.8,0.1,0,0.8,0.7,1,0,1,0.8,35.8,0,2.4,0.1,2.78,-0.78,0.15,25,0.11
166,166,Arnaud Kalimuendo,,22, FW,24(6),1862,7,3,0,0,1.4,84.4,0.4,1,6.62,0.5,0.1,0.5,0,0.3,0.5,0.1,0,0.4,0.8,0.8,0.2,1.2,1.9,14.1,0,0.1,0,6.33,0.67,0.31,43,0.15
167,167,Xavier Chavalerin,,33," DMC,M(L)",25(9),2422,4,2,3,0,0.8,83.7,0.5,0,6.62,2.4,1.2,0.9,0,0.6,1.3,0.2,0,0.6,0.3,0.4,0.1,0.4,0.7,30,0.3,1.3,0.1,1.32,2.68,0.05,27,0.05
168,168,Matz Sels,,32, GK,38,3420,0,0,2,0,0.0,60.1,0.2,2,6.61,0.1,0.1,0,0,0.9,0,0,0,0,0,0.1,0,0,0,22.1,0,5.1,0,,,,,
169,169,Wahbi Khazri,,33," M(CLR),FW",20(7),1644,4,1,5,1,1.4,74.8,0.7,0,6.61,1,0.3,0.7,0,0.7,0.7,0,0,0.7,1,1.3,0.5,1.1,1.8,15.9,0.4,1,0,4.33,-0.33,0.24,38,0.11
170,170,Isaak Touré,,21, D(C),18(1),1591,1,0,3,1,0.4,87.5,1.3,1,6.61,1.5,1.4,1.1,0.4,2.7,0.2,0.6,0,0.4,0.4,0.7,0,0.1,0.4,40.9,0,2.1,0,1.6,-0.6,0.09,8,0.2
171,171,Jens Cajuste,,24, DMC,14(17),1529,3,1,7,1,0.9,82.8,0.4,0,6.61,1.5,0.6,1.1,0.1,0.7,0.7,0.2,0,0.5,1.3,0.9,0,0.7,0.9,23.5,0,1.5,0,1.72,1.28,0.1,27,0.06
172,172,Thiago Mendes,,32," D(CR),M(CR)",22(9),2065,1,1,3,0,0.5,87.0,1.1,0,6.61,1.5,1.5,0.8,0.1,1.6,0.3,0.3,0,0.3,0.2,0.8,0,0.5,0.8,53.3,0,3.2,0.1,0.67,0.33,0.03,14,0.05
173,173,Saël Kumbedi,,19," D(R),M(R)",14(6),1317,0,2,8,0,0.5,83.6,0.4,0,6.61,2.4,0.5,1.9,0.3,0.7,0.9,0.4,0,0.5,0.8,1.1,0.2,0.7,0.8,30.9,0.3,0.9,0,0.38,-0.38,0.03,9,0.04
174,174,Mateusz Wieteska,,27, D(C),35,3120,0,1,7,1,0.5,82.8,2.2,1,6.61,1.2,1.6,0.8,0.5,2.6,0.4,0.8,0,0.1,0.3,0.9,0,0.2,0.3,45.8,0,2.2,0,2.18,-2.18,0.06,16,0.14
175,175,Thomas Foket,,29," D(CLR),M(R)",23(1),1983,0,1,0,0,0.1,82.9,0.5,0,6.61,1.5,1.4,1.1,0.3,0.9,1.2,0.3,0,1,0.4,0.9,0.1,0.8,1.2,41.5,0.5,1.8,0,0.32,-0.32,0.01,2,0.16
176,176,Juan Bernat,,31," D(L),M(CL)",18(10),1648,1,4,1,0,0.3,93.3,0.2,0,6.61,1.1,0.3,0.3,0.1,0.7,0.6,0.1,0,0.8,0.8,0.3,0,0.3,0.3,33.7,0.1,0.4,0,1.03,-0.03,0.06,7,0.15
177,177,Gauthier Gallon,,31, GK,30,2668,0,0,3,1,0.0,61.1,0.5,1,6.6,0.1,0.1,0.1,0,1.2,0.1,0,0,0,0,0.2,0,0,0,26.8,0,4.6,0,,,,,
178,178,Thibault De Smet,,25," D(L),M(L)",20(2),1762,0,1,2,0,0.0,79.0,1.4,0,6.6,1.1,0.9,1.1,0.1,1.6,1.2,0.2,0,0.5,0.2,0.4,0.1,0.4,0.9,40,0.5,1.5,0,,,,,
179,179,Kevin Gameiro,,36," AM(C),FW",23(11),2103,10,0,0,1,1.4,80.4,0.4,1,6.6,0.6,0.3,0.4,0,0,0.6,0,0,0.7,0.6,0.4,0.1,0.8,1.4,21.3,0.2,0.2,0.1,9.31,0.69,0.4,46,0.2
180,180,Yvon Mvogo,,29, GK,21,1813,0,0,0,0,0.0,71.5,0.2,0,6.59,0,0.1,0,0,0.4,0,0,0,0,0,0.1,0,0,0,25.4,0,5.2,0,,,,,
181,181,Jackson Porozo,,23, D(C),17(5),1616,2,0,3,0,1.0,81.6,2.1,1,6.59,1.5,1.5,1.3,0.2,3.3,0.8,0.8,0,0.1,0.3,0.8,0,0.3,0.5,28.2,0,1.1,0,2.41,-0.41,0.13,22,0.11
182,182,Habib Diarra,,20, AM(CLR),18(11),1628,3,2,4,0,0.8,80.6,0.4,1,6.59,0.8,0.4,0.8,0,0.4,0.5,0,0,0.8,0.9,0.8,0,0.7,1.3,20.4,0.4,0.6,0.1,1.4,1.6,0.08,23,0.06
183,183,Birama Touré,,31, DMC,38,3405,2,0,3,0,0.7,81.1,1.5,0,6.59,2.1,1.8,1.3,0,1.2,1.6,0.2,0,0.1,0.3,0.6,0,0.4,1,39.9,0.1,3.5,0,1.69,0.31,0.04,26,0.07
184,184,Lucas Perrin,,25, D(C),18(8),1763,0,1,4,0,0.3,82.2,1.4,0,6.59,1.7,1.4,0.9,0.4,1.7,0.9,0.2,0,0.3,0.2,0.7,0,0.2,0.2,30.5,0.1,2.2,0,0.81,-0.81,0.04,7,0.12
185,185,Hugo Ekitike,,21, FW,12(13),1155,3,4,0,0,1.4,82.6,0.3,0,6.59,0.5,0.4,0.6,0,0.1,0.3,0,0,0.4,0.6,0.5,0.3,0.7,1.1,13.1,0,0.2,0,3.63,-0.63,0.28,34,0.11
186,186,José Fonte,,40, D(C),30(1),2593,1,0,7,0,0.5,90.3,2.0,1,6.58,0.7,0.8,0.8,0.6,3.5,0.4,0.5,1,0.1,0.1,0.3,0,0.1,0.3,63.5,0,3.9,0,1.66,-0.66,0.06,14,0.12
187,187,Yan Valery,,25," D(CR),M(R)",30,2504,0,0,3,0,0.4,78.2,1.2,0,6.57,1.8,1.1,1.5,0.3,2.6,0.6,0.5,0,0.4,1.1,0.7,0,1,1.2,33.5,0.6,1.7,0,0.83,-0.83,0.03,13,0.06
188,188,Elbasan Rashani,,30, AM(CLR),26(6),2173,3,3,3,0,1.1,80.3,0.5,1,6.57,1.2,0.7,1.1,0,0.5,0.8,0.1,0,0.6,0.7,0.9,0.1,0.8,1.5,20.3,0.2,0.3,0,4.88,-1.88,0.2,35,0.14
189,189,Issa Kaboré,,22," D(R),M(R)",9(13),1022,1,0,1,0,0.4,81.6,0.1,0,6.57,1.5,0.5,1.1,0.1,0.9,0.5,0,0,0.6,1,0.9,0.1,0.6,1.5,19.2,0.5,0.5,0,0.61,0.39,0.05,8,0.08
190,190,Ignatius Ganago,,25," AM(LR),FW",16(12),1520,5,3,0,0,1.2,64.8,2.2,0,6.56,0.3,0.1,0.5,0,0.4,0.1,0,0,0.4,0.4,1.1,0.3,0.7,1.4,11.6,0,0.3,0,4.7,0.3,0.28,33,0.14
191,191,Mounaïm El Idrissy,,25, FW,30(2),2509,6,0,10,0,1.6,69.0,3.7,2,6.56,1,0.4,2.5,0,0.6,0.8,0,0,0.4,0.3,2.5,0.7,1.1,2.8,18.6,0,0.3,0,6.69,-0.69,0.24,50,0.13
192,192,Alexis Claude-Maurice,,25, AM(CL),5(15),597,5,3,0,0,0.7,86.2,0.2,1,6.56,0.7,0.1,0.4,0,0.1,0.5,0,0,0.4,0.6,0.8,0,0.7,0.9,11.6,0.1,0.2,0,1.98,3.02,0.3,14,0.14
193,193,Mathias Autret,,33, M(CLR),16(7),1302,2,2,0,0,1.0,81.1,0.2,0,6.56,1,0.5,0.3,0,0.4,0.4,0.1,0,1.2,0.4,0.2,0.1,0.2,0.8,22.6,0.9,2.7,0.1,2.44,-0.44,0.17,24,0.1
194,194,Muhammed Cham,,23," AM(C),FW",23(15),1976,7,4,2,0,1.4,83.1,0.2,1,6.55,0.8,0.2,0.4,0,0.1,0.6,0,0,0.8,0.8,1.1,0,1.5,1,25,0.5,1,0.1,6.61,0.39,0.3,53,0.12
195,195,Jordan Ferri,,32, M(C),32(2),2749,1,2,5,1,0.4,86.5,0.5,1,6.55,1.6,0.8,1.4,0.1,0.6,1.7,0.2,0,0.9,0.6,1.8,0,1.3,1.3,57,0.2,4.4,0.2,0.61,0.39,0.02,14,0.04
196,196,Renaud Ripart,,31," D(R),M(CLR),FW",15(11),1319,4,1,4,0,1.5,70.0,2.2,0,6.55,1.5,0.3,1,0,0.2,1.3,0.1,0,0.8,0.4,1,0.2,0.8,1.2,16.7,0.1,0.2,0,4.31,-0.31,0.29,39,0.11
197,197,Moses Simon,,28," M(CLR),FW",28(6),2359,5,4,3,0,1.0,73.9,0.3,1,6.55,0.5,0.3,0.3,0,0,0.2,0,0,1.2,1,0.9,0.1,1.1,1.4,16.8,1,0.3,0.1,4.31,0.69,0.16,33,0.13
198,198,Maxime Gonalons,,35," D(C),M(C)",19(6),1457,1,0,3,0,0.2,88.6,0.6,1,6.55,2.1,0.8,1,0,0.3,1.1,0,0,0.4,0.6,0.9,0,0.4,0.8,33.1,0,2.3,0,0.43,0.57,0.03,6,0.07
199,199,Jean-Kévin Duverne,,26, D(CLR),27(7),2514,0,0,2,0,0.1,73.9,1.0,0,6.54,2.1,0.8,1.1,0.1,1.7,0.9,0.1,0,0.3,0.8,0.6,0.1,0.6,1.1,32.9,0.3,2.5,0,0.28,-0.28,0.01,5,0.06
200,200,Ross Barkley,,30, M(CLR),9(18),923,4,2,1,0,1.4,83.6,0.1,0,6.54,0.6,0.3,0.5,0,0.2,0.2,0.1,0,1.1,0.4,0.6,0,0.9,0.4,16.5,0.5,0.8,0,4.06,-0.06,0.4,38,0.11
201,201,Stephy Mavididi,,25," AM(LR),FW",14(12),1285,4,2,1,1,1.4,75.3,0.4,0,6.54,0.9,0.2,0.8,0,0.4,0.5,0,0,0.5,1.2,0.7,0.1,1.2,1.5,11.5,0.1,0.3,0,3.76,0.24,0.26,37,0.1
202,202,David Pereira da Costa,,23, AM(CL),16(15),1410,1,3,2,0,0.8,86.0,0.1,0,6.53,0.4,0.4,0.5,0,0.1,0.4,0,0,0.9,0.9,0.5,0,0.9,1,22.6,0.2,0.5,0.1,2.72,-1.72,0.17,26,0.1
203,203,Maxime Esteve,,21, D(C),18(5),1645,0,0,3,0,0.3,81.7,1.3,2,6.53,1,1.5,0.8,0.5,3.7,0.2,0.7,1,0,0.2,0.3,0,0.2,0.2,32.3,0,1.5,0,0.44,-0.44,0.02,6,0.07
204,204,Timothy Weah,,24," D(LR),M(LR),FW",18(11),1748,0,2,2,0,1.0,85.1,0.4,0,6.53,0.8,0.8,0.6,0.2,0.5,0.4,0.1,0,0.6,0.7,0.6,0.1,0.3,0.8,29.8,0.4,0.9,0,2.69,-2.69,0.14,30,0.09
205,205,Mohamed Youssouf,,36, D(R),27(3),2457,0,0,5,1,0.2,73.5,1.6,1,6.53,2.4,2.2,1.3,0.4,2.1,0.8,0.3,1,0.5,0.4,1.2,0,0.5,1,30.6,0.6,1.6,0,0.32,-0.32,0.01,5,0.06
206,206,Noah Fadiga,,24," D(R),M(R)",16(5),1312,1,0,2,0,0.5,79.9,0.4,1,6.52,1.4,1.2,1,0.2,0.7,0.6,0.3,0,0.1,0.9,0.9,0,0.3,1.1,23.9,0.1,0.7,0,0.64,0.36,0.04,11,0.06
207,207,Falaye Sacko,,29," D(CLR),M(R)",29(6),2580,1,3,3,0,0.2,81.5,0.5,0,6.52,1.3,0.9,0.7,0.2,1.9,0.5,0.4,1,0.5,0.5,0.5,0.1,0.4,0.9,29.2,0.2,1.2,0.1,0.57,0.43,0.02,6,0.09
208,208,Dimitri Liénard,,36," D(L),M(CL)",18(10),1546,0,0,4,0,0.5,78.5,0.7,0,6.52,1.6,0.6,0.6,0,0.8,0.8,0.1,0,1.1,0.4,0.5,0.1,0.4,1,27.1,1.3,2.2,0,0.6,-0.6,0.03,13,0.05
209,209,Florent Mollet,,32, AM(CLR),11(8),1090,1,2,3,0,1.2,87.3,0.5,0,6.52,0.7,0.5,0.9,0,0.5,0.9,0.1,0,1.2,0.5,1.1,0.2,0.7,1,25.3,1.1,0.9,0,1.06,-0.06,0.09,22,0.05
210,210,Pedro Chirivella,,26, DMC,25(1),2042,0,1,1,0,0.6,86.6,0.3,0,6.52,1.3,0.8,0.8,0,0.2,1,0,0,0.9,0.3,0.7,0,0.2,0.2,51.5,0,4.7,0,0.74,-0.74,0.03,16,0.05
211,211,Akim Zedadka,,28," D(R),M(R)",19(1),1603,0,0,5,0,0.5,78.9,1.2,0,6.51,1.8,1.2,1.2,0.4,2,0.7,0.2,0,0.7,0.5,1.4,0,0.9,1.4,26.6,0.6,1,0.1,0.31,-0.31,0.02,9,0.03
212,212,Rayan Raveloson,,27," D(CR),DMC",27(7),2427,2,1,0,0,0.9,83.4,0.9,1,6.51,1.1,1.1,0.6,0.3,1.9,0.3,0.4,1,0.4,0.2,1,0,0.5,1.2,28.8,0.2,2.1,0,2.26,-0.26,0.08,29,0.08
213,213,Kamory Doumbia,,21, AM(C),13(13),1158,2,2,0,0,1.0,81.9,0.3,0,6.5,1.2,0.5,0.6,0,0.1,1,0,0,0.7,0.7,0.3,0,0.8,1.3,20,0,0.7,0.1,3.01,-1.01,0.23,26,0.12
214,214,Haris Belkebla,,30, DMC,30(8),2658,2,0,3,0,0.3,85.5,0.5,0,6.5,2.1,1.4,0.9,0.1,0.4,1.1,0.2,0,0.3,0.3,1.3,0,0.7,1,31.7,0.1,1.4,0,1.19,0.81,0.04,10,0.12
215,215,Evann Guessand,,22," AM(R),FW",15(15),1257,3,2,2,0,0.7,71.0,0.9,1,6.5,0.8,0.3,1,0,0.2,0.2,0,0,0.4,1.2,0.7,0.2,1,1.6,9.1,0.1,0.2,0,3.56,-0.56,0.26,22,0.16
216,216,Brecht Dejaegere,,32, AM(CL),25(5),1827,4,1,5,0,0.8,81.0,0.3,0,6.5,1.3,0.5,1.3,0,0.3,1.2,0.2,0,0.6,0.6,1.2,0,0.6,1.2,21.1,0,0.8,0.2,3,1,0.15,23,0.13
217,217,Jean Onana,,24, DMC,9(12),807,0,0,3,0,0.4,87.0,0.4,0,6.5,1.3,0.9,0.3,0,1,0.6,0.2,0,0.3,0.3,0.5,0.1,0.4,0.4,22.4,0,0.9,0,0.63,-0.63,0.07,8,0.08
218,218,Yohann Magnin,,26, M(C),25(13),2393,0,0,6,0,0.4,84.9,0.7,0,6.49,2.3,0.7,1.3,0.1,1,1.4,0.3,0,0.6,0.2,1.3,0.1,0.3,0.5,34.4,0.1,1.7,0,0.99,-0.99,0.04,17,0.06
219,219,Johann Lepenant,,21, DMC,21(10),1935,1,2,4,0,0.6,89.9,0.5,0,6.49,1.9,0.9,1.1,0,0.5,1.7,0.2,0,0.3,0.7,0.8,0,0.9,1.3,41.5,0,1.8,0,1.04,-0.04,0.05,19,0.05
220,220,Mickaël Barreto,,33, M(C),15(5),1328,1,1,1,0,1.0,74.6,0.5,0,6.49,1.6,0.9,1,0,0.5,1.9,0,0,0.9,1.2,0.4,0,1,1.7,30.1,1.1,2.6,0,0.82,0.18,0.06,19,0.04
221,221,Vincent Marchetti,,26, M(C),29(2),2463,0,2,7,0,1.2,80.0,0.2,0,6.49,1.8,0.6,0.9,0,1,1.4,0.1,0,0.5,1.5,1.2,0,1.3,1.6,33.5,0,2.3,0.2,2,-2,0.07,37,0.05
222,222,Lesley Ugochukwu,,20, DMC,14(12),1330,0,1,3,1,0.2,87.6,0.6,0,6.48,1.4,0.8,1.1,0,0.6,0.3,0.4,0,0.1,0.5,0.5,0,0.4,0.2,24.8,0,1.2,0,0.86,-0.86,0.06,6,0.14
223,223,Théo Le Bris,,21, M(L),15(12),1451,2,2,0,0,0.4,81.8,0.4,0,6.48,1.1,0.7,0.2,0,1,0.7,0.1,0,0.5,0.6,0.1,0,0.4,0.8,20.3,0.1,0.2,0,1.25,0.75,0.08,10,0.12
224,224,Sanjin Prcic,,30, M(C),17(12),1633,1,1,3,1,1.0,86.1,0.6,0,6.48,0.9,0.9,0.6,0,0.7,0.4,0.2,0,0.4,0.5,0.7,0,0.2,0.3,35.4,0.2,3.3,0.1,0.82,0.18,0.05,28,0.03
225,225,Massadio Haïdara,,31," D(CL),M(L)",17(19),1657,0,1,5,0,0.4,87.1,1.1,0,6.47,0.7,1,0.5,0,0.9,0.3,0.3,0,0.2,0.2,0.7,0.1,0.1,0.7,24.6,0.1,1,0,1.93,-1.93,0.1,13,0.15
226,226,Gaetan Perrin,,27, AM(CL),15(22),1388,3,1,1,0,0.7,75.7,0.4,1,6.47,0.5,0.3,0.5,0,0.2,0.6,0,0,0.7,1.6,0.6,0.1,1.1,1.3,10.8,0.3,0.7,0,2.8,0.2,0.18,27,0.1
227,227,Abdu Conté,,26," D(CL),M(L)",15(4),1317,1,2,1,0,0.2,79.8,0.8,0,6.46,1.3,0.3,0.6,0.5,1.1,0.5,0.3,0,0.7,0.1,0.6,0.2,0.3,0.5,30.9,0.5,1.4,0.1,0.74,0.26,0.05,4,0.18
228,228,Ibrahima Koné,,24, FW,15(22),1569,7,1,3,0,0.8,66.9,1.5,0,6.46,0.6,0.1,0.8,0,0.5,0.2,0,0,0.4,0.4,0.6,0.4,0.7,1.8,9.6,0,0.1,0,5.64,1.36,0.32,31,0.18
229,229,Carlos Soler,,27, M(CLR),14(12),1188,3,2,0,0,0.4,87.4,0.0,1,6.46,0.8,0.2,0.7,0,0.2,0.3,0.2,0,0.5,0.2,0.5,0,0.5,0.8,23.5,0.2,0.5,0.1,1.39,1.61,0.11,10,0.14
230,230,Hugo Magnetti,,25, DMC,19(13),1688,1,2,2,0,0.5,84.8,0.2,0,6.46,1.3,0.8,0.5,0,0.4,1.3,0,0,0.4,0.7,0.8,0,0.5,0.7,22.8,0.2,1.6,0,0.77,0.23,0.04,17,0.05
231,231,Stéphane Diarra,,25, AM(R),14(14),1070,2,0,1,0,0.7,75.2,0.2,1,6.46,0.9,0.8,0.3,0,0.3,0.6,0,0,0.4,0.9,0.8,0.1,0.5,1.1,10.8,0.1,0.1,0,2.24,-0.24,0.19,20,0.11
232,232,Mathias Pereira Lage,,27, M(CLR),16(8),1272,2,1,2,0,0.9,71.3,0.9,0,6.45,0.8,0.6,1,0,0.5,0.8,0,0,0.6,0.4,1.1,0,0.8,1,14.5,0.3,0.7,0,1.62,0.38,0.11,21,0.08
233,233,Jim Allevinah,,29, M(CLR),25(11),2248,1,1,2,0,0.8,82.4,0.3,0,6.45,1.1,0.7,0.6,0.1,0.5,1.2,0.1,0,0.5,0.9,1.5,0,1.1,1.3,20.3,0.3,0.3,0,2.64,-1.64,0.11,30,0.09
234,234,Wesley Saïd,,29," AM(CLR),FW",6(15),638,5,0,2,0,1.3,81.7,0.2,0,6.45,0.2,0,1,0,0.1,0.2,0,0,0.3,0.8,0,0,0.3,0.9,8.9,0,0.4,0,4.08,0.92,0.58,27,0.15
235,235,Léo Leroy,,24, DMC,14(13),1189,0,0,7,0,0.7,76.2,0.9,0,6.45,2,0.5,1.4,0,0.3,1,0.1,0,0.4,0.4,0.7,0,0.5,1,18.7,0.1,1,0,1.23,-1.23,0.09,18,0.07
236,236,Yasser Larouci,,23," D(L),M(L)",21(9),1800,1,1,1,0,0.3,77.0,0.7,0,6.45,0.8,0.9,0.5,0.1,1.3,0.3,0,1,0.6,1.3,1,0.1,1.2,1.4,20.8,0.3,0.4,0.1,0.46,0.54,0.02,10,0.05
237,237,Colin Dagba,,25," D(R),M(R)",12(9),960,0,0,3,0,0.2,85.0,0.1,0,6.44,1.5,0.8,0.7,0.2,0.8,0.3,0.1,0,0.6,0.5,0.3,0,0.5,0.4,17.4,0.4,0.4,0,0.29,-0.29,0.03,5,0.06
238,238,Gerzino Nyamsi,,27, D(C),19(1),1580,1,1,4,1,0.7,84.5,1.9,1,6.44,1.4,0.5,1.9,0.8,2.9,0.1,0.6,0,0.2,0.5,0.2,0,0.1,0.6,42,0,2.9,0,1.05,-0.05,0.06,14,0.08
239,239,Renato Sanches,,26, M(CR),6(17),705,2,0,1,0,0.6,91.6,0.2,0,6.43,0.3,0.4,1,0,0.2,0.4,0.1,0,0.4,0.6,0.4,0,0.3,0.6,28.6,0,1.4,0,1.5,0.5,0.19,14,0.11
240,240,Jean-Eudes Aholou,,30, DMC,16(14),1301,3,1,4,1,0.7,76.1,0.9,1,6.43,1.1,0.8,1.3,0,0.4,0.6,0,0,0.3,0.5,0.8,0,0.5,1.1,19.5,0,1,0.1,0.93,2.07,0.06,21,0.04
241,241,Yoann Salmier,,31, D(CR),31(1),2652,1,0,5,1,0.4,83.0,1.7,0,6.43,1.6,1.2,0.9,0.4,3.8,0.4,0.6,0,0.2,0.2,0.9,0,0.2,0.3,44.9,0,2.5,0,1.15,-0.15,0.04,14,0.08
242,242,Wilson Odobert,,19," AM(CLR),FW",19(13),1767,4,2,0,0,0.8,79.8,0.2,0,6.43,0.6,0.5,0.3,0,0.2,0.5,0,0,0.7,1,0.5,0.1,0.8,1.5,15.4,0.3,0.4,0,3.13,0.87,0.16,27,0.12
243,243,Dion Lopy,,22, DMC,16(13),1377,0,1,4,2,0.6,85.5,0.6,0,6.43,1.6,0.8,1.1,0,0.6,1.3,0.1,0,0.5,0.6,0.9,0,0.6,1,25.2,0,2.1,0,0.87,-0.87,0.06,18,0.05
244,244,Miha Blazic,,30, D(C),22(2),1980,2,0,4,0,0.3,87.6,1.9,0,6.42,0.3,0.9,0.5,0.5,3.2,0.3,0.8,1,0,0,0.7,0,0,0.1,49,0,3.7,0,1.22,0.78,0.06,8,0.15
245,245,Samuel Moutoussamy,,27, M(CL),27(8),2403,0,2,8,0,0.6,86.5,0.6,0,6.42,1.8,0.7,0.9,0,0.4,1.4,0.1,0,0.5,0.5,0.4,0,0.5,0.7,34.6,0.1,1.6,0.1,1.53,-1.53,0.06,22,0.07
246,246,Adil Rami,,38, D(C),18(2),1600,0,1,2,0,0.5,85.1,1.5,0,6.41,1,1.3,0.5,0.2,3.7,0.8,0.8,0,0.2,0.2,0.7,0.1,0,0.4,35.9,0.1,3.7,0,0.53,-0.53,0.03,9,0.06
247,247,Ibrahima Sissoko,,26," D(C),DMC",13(13),1306,0,2,1,0,0.5,77.5,1.2,0,6.41,1.5,0.4,1.6,0,0.7,0.8,0.2,0,0.4,0.3,0.6,0.1,0.7,0.8,23.9,0.2,1.2,0.1,0.57,-0.57,0.04,13,0.04
248,248,Paul Bernardoni,,27, GK,27,2430,0,0,0,0,0.0,58.3,0.3,1,6.4,0.1,0,0,0,0.8,0,0,0,0,0,0.1,0,0,0,20,0,4,0,,,,,
249,249,Julian Jeanvier,,32, D(C),20(2),1763,1,0,3,1,0.4,83.1,1.1,0,6.4,1.5,1.2,1.1,0.3,4.3,0.4,0.8,0,0,0.1,0.5,0,0.1,0.4,35.5,0,2.5,0,1.73,-0.73,0.09,8,0.22
250,250,Lassine Sinayoko,,24," AM(R),FW",16(17),1569,1,2,0,1,1.3,77.4,0.7,0,6.4,1,0.5,0.9,0,0.5,0.6,0,0,0.7,0.8,0.7,0.2,1,1.3,15.8,0.2,0.4,0,3.48,-2.48,0.2,42,0.08
251,251,Pablo Rosario,,27," D(CR),DMC",17(14),1760,0,1,6,0,0.3,89.4,0.5,0,6.4,1.5,0.7,0.6,0.2,1,0.5,0.2,0,0.6,0.2,0.4,0,0.4,0.7,33.2,0.1,1.6,0,0.85,-0.85,0.04,10,0.08
252,252,Julien Ponceau,,23, AM(C),20(11),1663,1,4,1,0,0.5,83.7,0.3,0,6.39,0.9,0.5,0.7,0,0.4,0.7,0.1,0,0.8,0.3,0.8,0.1,0.6,1.3,26.3,0,0.8,0,1.77,-0.77,0.1,14,0.13
253,253,Souleyman Doumbia,,27," D(L),M(L)",21(3),1793,0,0,2,1,0.3,80.5,0.8,0,6.39,1.9,1.1,1.1,0.4,0.8,0.6,0.1,0,0.5,1.1,0.8,0.1,0.4,1.2,31.3,0.5,0.9,0,0.85,-0.85,0.04,7,0.12
254,254,Cyrille Bayala,,27, AM(R),25(8),2017,1,1,3,1,0.7,64.7,1.2,0,6.39,1.6,0.8,0.9,0,0.6,0.7,0.1,0,0.6,0.8,0.8,0.2,1.1,1.7,17.3,0.2,0.5,0,1.45,-0.45,0.06,22,0.07
255,255,Arbër Zeneli,,29," AM(LR),FW",12(11),1003,0,2,0,0,1.3,76.3,0.2,1,6.39,0.4,0.1,0.3,0,0.1,0.3,0,0,1,0.7,0.5,0.1,1,2,15.8,0.4,0.4,0.1,2.47,-2.47,0.22,31,0.08
256,256,Billal Brahimi,,24," AM(L),FW",5(21),786,3,2,0,0,0.8,83.2,0.1,1,6.39,0.3,0.2,0.1,0,0,0.2,0,0,0.7,0.7,0.3,0.2,0.5,1,11.5,0.7,0.2,0,1.19,1.81,0.14,20,0.06
257,257,Oumar Gonzalez,,26, D(C),29(1),2579,0,0,10,0,0.4,81.8,2.1,0,6.39,1.7,1.7,1.5,0.5,2.6,0.5,0.4,0,0,0.2,1.5,0.1,0.3,0.7,36.5,0,1.6,0,0.84,-0.84,0.03,11,0.08
258,258,Moussa Sissoko,,34, M(CR),22(8),1923,2,0,3,0,0.6,81.0,0.8,1,6.38,0.9,0.5,0.9,0,0.5,0.2,0.2,0,0.6,0.5,0.5,0.1,0.6,1,25.1,0.2,0.9,0,2.32,-0.32,0.11,17,0.14
259,259,Thierno Baldé,,21," D(R),M(R)",25(6),2161,0,1,1,0,0.2,83.1,0.3,0,6.38,0.9,0.7,0.3,0.2,1.2,0.4,0.1,0,0.6,1.2,1.1,0.1,0.5,1.2,23.8,0.2,0.5,0,0.32,-0.32,0.01,7,0.05
260,260,Yoann Cathline,,21, M(L),11(12),1085,1,1,0,0,1.1,72.9,0.1,0,6.38,0.8,0.3,0.5,0,0.6,0.3,0,0,0.3,1,1.2,0,1.2,1.7,12.7,0.4,0.2,0,1.45,-0.45,0.12,26,0.06
261,261,Abdallah Sima,,22," AM(LR),FW",19(15),1833,5,1,0,0,1.1,76.1,1.3,0,6.38,0.6,0.1,0.9,0,0.5,0.4,0,1,0.5,0.6,0.7,0.4,0.9,1.8,10.3,0.1,0.1,0,5.16,-0.16,0.25,39,0.13
262,262,Birger Meling,,29," D(LR),DMC",10(17),1200,0,1,3,1,0.0,86.2,0.5,0,6.37,0.9,0.9,0.7,0.2,0.8,0.5,0.1,0,0.3,0.2,0.6,0.1,0.3,0.4,23.8,0.1,1,0,,,,,
263,263,Adrien Hunou,,30," AM(CLR),FW",28(6),2248,4,1,2,0,1.3,78.0,0.6,0,6.37,1.1,0.2,0.4,0,0.2,0.9,0,0,0.5,0.4,1.3,0.1,0.7,1.7,21.1,0.1,0.3,0,6.98,-2.98,0.28,45,0.16
264,264,Cédric Hountondji,,30, D(C),35(1),3097,0,0,7,0,0.3,86.8,1.8,0,6.37,1.4,1.6,1.2,0.6,3.5,0.3,0.6,2,0.1,0,0.3,0,0.1,0.2,39.9,0,2.2,0,1.17,-1.17,0.03,11,0.11
265,265,Pierrick Capelle,,37," D(L),M(CLR)",15(11),1424,0,3,8,0,0.6,86.6,0.5,0,6.36,1.4,0.6,1.2,0,0.8,1.3,0.1,0,0.5,0.5,0.2,0,0.8,1.3,24.9,0.5,1,0,1.52,-1.52,0.1,16,0.09
266,266,Ismaël Diallo,,27, D(L),25(3),2183,0,0,9,1,0.1,76.0,0.9,0,6.36,1.6,1.1,1.5,0.1,1.5,1,0.4,0,0.3,0.5,1.2,0,0.4,1.3,30.6,0.2,2.4,0.1,0.12,-0.12,0.01,3,0.04
267,267,Batista Mendy,,24," D(C),DMC",35,2871,0,0,6,1,0.4,86.7,0.8,0,6.35,2,0.6,1.9,0,0.7,0.5,0.2,0,0.5,1.1,1.2,0,0.8,0.7,40.5,0.1,1.9,0.1,0.75,-0.75,0.02,15,0.05
268,268,Amine Salama,,23, FW,12(13),1245,3,1,1,0,1.0,75.9,0.3,0,6.35,0.4,0.4,0.3,0,0.1,0.4,0.1,0,0.4,0.9,0.4,0.2,0.8,1.9,12.3,0.1,0.1,0,3.1,-0.1,0.22,25,0.12
269,269,Mitchell van Bergen,,24," AM(LR),FW",6(22),889,0,1,1,0,0.9,78.7,0.2,0,6.35,0.6,0.2,0.4,0,0.3,0.4,0.1,0,0.7,0.5,0.3,0.1,0.4,0.9,8.5,0.5,0.1,0,1.87,-1.87,0.19,25,0.07
270,270,Mickaël Alphonse,,34, D(LR),14(12),1357,0,0,2,1,0.4,71.1,1.2,1,6.35,1.3,1.3,0.7,0.2,1.5,0.5,0.2,1,0.4,0.4,0.6,0,0.5,0.6,19.5,0.2,1,0,0.4,-0.4,0.03,10,0.04
271,271,Moussa Diarra,,23, D(CL),12(11),1222,0,1,0,0,0.0,83.9,0.7,0,6.35,0.9,0.8,0.8,0.1,1.1,0.3,0.4,0,0.3,0.4,0.7,0,0.2,1,24.3,0.2,0.8,0,0.44,-0.44,0.03,1,0.44
272,272,Denis Genreau,,24, AM(C),7(13),654,0,1,3,0,0.4,78.2,0.3,0,6.35,1.8,0.4,0.5,0,0.5,0.9,0.1,0,0.3,0.4,0.2,0.2,0.3,0.7,15.2,0.2,0.4,0,0.82,-0.82,0.11,7,0.12
273,273,Komnen Andric,,28, FW,16(18),1442,4,3,4,0,0.9,75.3,1.3,0,6.34,0.4,0.2,0.5,0,0.4,0.4,0,0,0.4,0.2,1.2,0.2,0.9,1.4,12.5,0,0.5,0,4.64,-0.64,0.29,30,0.15
274,274,Ruben Aguilar,,31," D(R),M(R)",14(6),1176,0,0,3,0,0.2,84.4,0.6,0,6.34,1,0.9,0.8,0,1.3,0.7,0.1,0,0.2,0.4,0.7,0.1,0.2,0.7,33.8,0.3,0.9,0,0.44,-0.44,0.03,4,0.11
275,275,Maxime Busi,,24," D(R),M(R)",11(10),1041,0,1,4,0,0.1,75.3,0.7,1,6.34,1,0.7,0.9,0.2,1,0.8,0.3,0,0.3,0.3,0.3,0,0.2,0.8,22.9,0.4,1.4,0,0.05,-0.05,0,3,0.02
276,276,Khalil Fayad,,19, M(CL),7(17),707,0,2,1,1,0.3,84.8,0.1,0,6.34,1.3,0.4,0.7,0,0.2,0.4,0,0,0.5,0.3,0.7,0,0.3,0.6,13.7,0.1,0.5,0.1,0.53,-0.53,0.07,8,0.07
277,277,Bonke Innocent,,28, DMC,14(11),1183,0,1,5,0,0.2,89.2,0.4,0,6.34,1.1,1,1.5,0,1.2,1,0.2,0,0.2,0.2,0.4,0,0.2,0.3,23,0,0.7,0,0.11,-0.11,0.01,4,0.03
278,278,Erik Palmer-Brown,,27, D(C),36(2),3194,0,0,5,0,0.3,84.7,1.5,0,6.34,1.1,0.7,0.8,0.5,4.1,0.4,0.8,1,0.2,0.2,0.3,0,0.4,0.3,37.5,0,1.9,0,0.78,-0.78,0.02,12,0.06
279,279,Florent Ogier,,35, D(C),18(8),1695,0,1,4,0,0.1,79.4,1.1,0,6.33,1.3,0.7,0.6,0.3,2.3,0.7,0.5,0,0.2,0.2,0.3,0,0,0.3,34.4,0,2.6,0,0.11,-0.11,0.01,2,0.05
280,280,Gauthier Hein,,27, AM(CR),23(12),1886,2,0,1,0,1.1,84.4,0.1,0,6.33,0.8,0.2,0.6,0,0.3,0.9,0,0,0.8,0.5,0.4,0.1,0.7,1,18.9,0.5,1.5,0,3.76,-1.76,0.18,38,0.1
281,281,Thomas Mangani,,37, M(C),14(12),1329,1,1,4,1,0.4,73.7,0.8,0,6.32,1.2,0.9,0.9,0,0.8,1.1,0.1,0,1,0.2,0.5,0,0.1,0.3,31.7,0.9,3.2,0.1,1.92,-0.92,0.13,11,0.17
282,282,Moussa Dembélé,,27, FW,8(15),866,3,0,1,0,1.2,72.9,1.3,0,6.32,0.3,0.1,0.7,0,0.3,0.1,0,0,0.2,0.2,0.1,0.3,0.7,1.4,8.2,0,0.1,0,3.99,-0.99,0.41,28,0.14
283,283,Benoît Costil,,36, GK,19,1710,0,0,0,0,0.0,66.5,0.1,0,6.32,0.1,0,0,0,0.5,0.1,0,0,0,0.1,0,0,0,0,27.3,0,8.4,0,,,,,
284,284,Enzo Tchato,,21, D(R),11(10),1094,1,1,1,0,0.2,76.4,0.8,0,6.32,1.2,0.3,0.6,0.1,1.4,0.4,0.1,0,0.2,0.2,0.3,0.1,0.3,0.7,20,0.4,0.4,0,0.33,0.67,0.03,4,0.08
285,285,Marcus Coco,,27," D(R),M(LR),FW",6(20),629,1,0,2,0,0.3,75.0,0.7,0,6.32,0.9,0.5,0.7,0,0.1,0.5,0.1,0,0.4,0.3,0.4,0.1,0.4,0.7,8,0.3,0.3,0,1.01,-0.01,0.14,7,0.14
286,286,Romain Hamouma,,37," M(CLR),FW",14(5),1091,2,2,1,2,0.8,81.7,0.7,0,6.31,0.4,0.1,0.9,0,0.1,0.2,0,0,0.7,0.8,0.8,0.2,0.7,2,15.8,0.6,0.3,0,2.72,-0.72,0.22,16,0.17
287,287,M'Baye Niang,,29," AM(LR),FW",17(13),1486,6,0,2,2,1.3,64.0,2.3,0,6.31,0.4,0,1.4,0,0.6,0.3,0,0,0.3,0.3,1.4,0.3,0.7,2.4,9.5,0,0.3,0,6.84,-0.84,0.41,39,0.18
288,288,Warren Zaïre-Emery,,18," DMC,M(R)",8(18),919,2,0,1,0,0.3,92.0,0.1,0,6.31,0.7,0.5,0.3,0.1,0.4,0.8,0,0,0.2,0.6,0.2,0.1,0.5,0.4,22.7,0,0.2,0,1.55,0.45,0.15,9,0.17
289,289,Clément Vidal,,23, D(C),21(5),1901,1,0,5,1,0.5,77.4,2.0,1,6.29,1,1,0.8,0.3,2.7,0.8,0.6,0,0,0,0.7,0,0.2,0.2,29.5,0,2.8,0,0.76,0.24,0.04,12,0.06
290,290,Youssouf M'Changama,,33, M(C),11(15),1079,0,0,1,0,0.7,82.5,0.5,0,6.29,0.8,0.6,0.5,0,0.2,0.2,0,0,0.4,0.4,0.7,0,0.3,0.7,17.3,0.4,0.9,0.1,0.49,-0.49,0.04,18,0.03
291,291,Mohamed Bayo,,25, FW,6(21),640,4,1,1,0,0.8,63.8,0.5,0,6.29,0.1,0,0.5,0,0,0.4,0,0,0.4,0.4,0.1,0.2,0.5,0.8,4.7,0,0.1,0,3.59,0.41,0.5,22,0.16
292,292,Eliot Matazo,,22, DMC,13(10),1176,1,0,2,0,0.2,81.8,0.4,0,6.29,1.1,0.7,0.8,0,0.4,0.7,0.2,0,0.1,0.2,0.5,0,0.5,0.4,21.2,0,1.5,0,0.18,0.82,0.01,4,0.05
293,293,Jérémie Bela,,31, M(LR),7(12),737,1,1,0,0,0.6,72.2,0.1,0,6.28,0.3,0.5,0.4,0,0.4,0.1,0.1,0,0.2,0.5,0.9,0,0.4,1,10.2,0.2,0.1,0,0.74,0.26,0.09,12,0.06
294,294,Ismail Jakobs,,24," D(L),M(L)",9(23),1102,0,2,3,0,0.4,69.1,1.6,0,6.27,0.3,0.3,0.4,0.1,0.5,0.2,0,0,0.4,0.2,0.3,0,0.2,0.5,16.1,0.4,0.2,0,0.78,-0.78,0.06,14,0.06
295,295,Carlos Baleba,,20, DMC,5(14),472,0,0,3,1,0.6,83.6,0.4,0,6.27,0.7,0.1,0.7,0.1,0.2,0.3,0.2,0,0.1,0.8,0.9,0,0.9,0.6,15.7,0,1.3,0,0.54,-0.54,0.1,12,0.04
296,296,Sada Thioub,,28," D(R),M(LR)",11(16),1056,1,2,3,0,0.3,82.5,0.2,0,6.26,0.7,0.3,0.5,0,0.1,0.3,0,0,0.6,0.6,0.2,0,0.7,0.6,16.9,0.6,0.3,0,1.19,-0.19,0.1,9,0.13
297,297,Andreas Bruus,,25," D(R),M(R)",18(9),1626,0,2,2,0,0.4,72.3,0.1,0,6.26,0.4,0.6,0.4,0,0.8,0.4,0.1,0,0.8,0.6,0.3,0.1,0.1,0.9,17.4,0.6,0.6,0,0.71,-0.71,0.04,11,0.06
298,298,Kevin Spadanuda,,27, M(L),13(9),1069,0,1,3,0,0.3,81.5,0.2,0,6.26,1.3,0.5,0.9,0,0.2,1,0,0,0.4,1,1,0,1,1.3,11.3,0,0.2,0,0.95,-0.95,0.08,7,0.14
299,299,Sébastien Corchia,,33," D(R),M(R)",6(16),775,0,1,3,0,0.2,76.9,0.5,0,6.26,0.7,0.6,0.7,0,0.7,0.5,0.1,0,0.2,0.1,0.8,0,0.3,0.6,12.2,0.4,0.6,0,0.15,-0.15,0.02,5,0.03
300,300,Benjamin Leroy,,35, GK,32,2799,0,0,1,0,0.0,57.6,0.1,1,6.26,0,0,0,0,0.9,0.1,0,0,0,0,0.1,0,0,0.1,24.8,0,7.3,0,,,,,
301,301,Mathieu Coutadeur,,38, M(C),22(5),1951,0,0,2,0,0.1,84.6,0.3,0,6.24,0.9,0.7,0.2,0,0.8,0.7,0.1,0,0.4,0.2,0.5,0,0.3,0.7,43.9,0,2.9,0.1,0.09,-0.09,0,4,0.02
302,301,Mathieu Coutadeur,,38, M(C),22(5),1951,0,0,2,0,0.1,84.6,0.3,0,6.24,0.9,0.7,0.2,0,0.8,0.7,0.1,0,0.4,0.2,0.5,0,0.3,0.7,43.9,0,2.9,0.1,0.09,-0.09,0,4,0.02
303,301,Mathieu Coutadeur,,38, M(C),22(5),1951,0,0,2,0,0.1,84.6,0.3,0,6.24,0.9,0.7,0.2,0,0.8,0.7,0.1,0,0.4,0.2,0.5,0,0.3,0.7,43.9,0,2.9,0.1,0.09,-0.09,0,4,0.02
304,302,Riad Nouri,,38, M(LR),16(17),1692,1,1,3,0,0.5,74.0,0.4,0,6.24,0.6,0.5,0.5,0,0.2,0.5,0,0,0.8,0.4,0.5,0.2,0.5,0.9,15.9,0.8,0.5,0,2.54,-1.54,0.14,17,0.15
305,302,Riad Nouri,,38, M(LR),16(17),1692,1,1,3,0,0.5,74.0,0.4,0,6.24,0.6,0.5,0.5,0,0.2,0.5,0,0,0.8,0.4,0.5,0.2,0.5,0.9,15.9,0.8,0.5,0,2.54,-1.54,0.14,17,0.15
306,302,Riad Nouri,,38, M(LR),16(17),1692,1,1,3,0,0.5,74.0,0.4,0,6.24,0.6,0.5,0.5,0,0.2,0.5,0,0,0.8,0.4,0.5,0.2,0.5,0.9,15.9,0.8,0.5,0,2.54,-1.54,0.14,17,0.15
307,303,Valère Germain,,34," AM(CLR),FW",5(26),673,2,0,1,1,0.6,69.4,1.0,0,6.23,0.4,0.2,0.3,0,0.4,0.3,0,0,0.2,0,0.1,0.1,0.3,0.7,6.6,0.1,0,0,2.17,-0.17,0.29,19,0.11
308,303,Valère Germain,,34," AM(CLR),FW",5(26),673,2,0,1,1,0.6,69.4,1.0,0,6.23,0.4,0.2,0.3,0,0.4,0.3,0,0,0.2,0,0.1,0.1,0.3,0.7,6.6,0.1,0,0,2.17,-0.17,0.29,19,0.11
309,303,Valère Germain,,34," AM(CLR),FW",5(26),673,2,0,1,1,0.6,69.4,1.0,0,6.23,0.4,0.2,0.3,0,0.4,0.3,0,0,0.2,0,0.1,0.1,0.3,0.7,6.6,0.1,0,0,2.17,-0.17,0.29,19,0.11
310,304,Matthis Abline,,21, FW,8(11),803,2,1,1,0,1.4,69.4,0.6,0,6.23,0.2,0.1,0.7,0,0.1,0.3,0.1,0,0.3,0.6,0.5,0.3,0.9,2.3,5.2,0.1,0.1,0,3.38,-1.38,0.38,26,0.13
311,304,Matthis Abline,,21, FW,8(11),803,2,1,1,0,1.4,69.4,0.6,0,6.23,0.2,0.1,0.7,0,0.1,0.3,0.1,0,0.3,0.6,0.5,0.3,0.9,2.3,5.2,0.1,0.1,0,3.38,-1.38,0.38,26,0.13
312,304,Matthis Abline,,21, FW,8(11),803,2,1,1,0,1.4,69.4,0.6,0,6.23,0.2,0.1,0.7,0,0.1,0.3,0.1,0,0.3,0.6,0.5,0.3,0.9,2.3,5.2,0.1,0.1,0,3.38,-1.38,0.38,26,0.13
313,305,Lebo Mothiba,,28, FW,3(16),428,3,0,0,0,0.5,79.6,0.5,0,6.22,0.1,0,0.6,0,0.2,0.1,0.1,0,0.1,0.2,0.6,0,0.4,0.8,4.9,0,0,0,1.52,1.48,0.32,9,0.17
314,305,Lebo Mothiba,,28, FW,3(16),428,3,0,0,0,0.5,79.6,0.5,0,6.22,0.1,0,0.6,0,0.2,0.1,0.1,0,0.1,0.2,0.6,0,0.4,0.8,4.9,0,0,0,1.52,1.48,0.32,9,0.17
315,305,Lebo Mothiba,,28, FW,3(16),428,3,0,0,0,0.5,79.6,0.5,0,6.22,0.1,0,0.6,0,0.2,0.1,0.1,0,0.1,0.2,0.6,0,0.4,0.8,4.9,0,0,0,1.52,1.48,0.32,9,0.17
316,306,Ado Onaiwu,,28, FW,9(25),1073,2,1,0,0,0.6,76.2,1.1,0,6.22,0.3,0.1,0.4,0,0.1,0.2,0,0,0.2,0.2,0.4,0.1,0.8,0.7,9.6,0,0.1,0.1,1.49,0.51,0.13,19,0.08
317,306,Ado Onaiwu,,28, FW,9(25),1073,2,1,0,0,0.6,76.2,1.1,0,6.22,0.3,0.1,0.4,0,0.1,0.2,0,0,0.2,0.2,0.4,0.1,0.8,0.7,9.6,0,0.1,0.1,1.49,0.51,0.13,19,0.08
318,306,Ado Onaiwu,,28, FW,9(25),1073,2,1,0,0,0.6,76.2,1.1,0,6.22,0.3,0.1,0.4,0,0.1,0.2,0,0,0.2,0.2,0.4,0.1,0.8,0.7,9.6,0,0.1,0.1,1.49,0.51,0.13,19,0.08
319,307,Abdoulaye Bamba,,34," D(CLR),M(R)",12(9),1359,0,0,2,0,0.0,88.9,0.8,0,6.2,1,0.9,0.5,0.3,1.7,0.1,0.1,0,0.2,0.2,0.6,0.2,0.2,0.4,30.9,0.1,1.2,0,,,,,
320,308,Iké Ugbo,,25, FW,9(16),889,2,1,0,0,0.6,70.6,0.4,0,6.2,0.2,0.1,0.5,0,0.2,0.3,0.1,0,0.1,0.2,0.4,0.2,0.3,0.7,5.4,0,0,0,2.05,-0.05,0.21,15,0.14
321,308,Iké Ugbo,,25, FW,9(16),889,2,1,0,0,0.6,70.6,0.4,0,6.2,0.2,0.1,0.5,0,0.2,0.3,0.1,0,0.1,0.2,0.4,0.2,0.3,0.7,5.4,0,0,0,2.05,-0.05,0.21,15,0.14
322,308,Iké Ugbo,,25, FW,9(16),889,2,1,0,0,0.6,70.6,0.4,0,6.2,0.2,0.1,0.5,0,0.2,0.3,0.1,0,0.1,0.2,0.4,0.2,0.3,0.7,5.4,0,0,0,2.05,-0.05,0.21,15,0.14
323,309,Cédric Avinel,,37, D(C),19(5),1791,1,0,2,1,0.1,85.0,1.6,1,6.18,0.5,0.6,0.5,0.4,3.7,0.2,0.5,0,0,0,0.1,0,0,0.1,29.8,0,1.6,0,1.33,-0.33,0.07,3,0.44
324,309,Cédric Avinel,,37, D(C),19(5),1791,1,0,2,1,0.1,85.0,1.6,1,6.18,0.5,0.6,0.5,0.4,3.7,0.2,0.5,0,0,0,0.1,0,0,0.1,29.8,0,1.6,0,1.33,-0.33,0.07,3,0.44
325,309,Cédric Avinel,,37, D(C),19(5),1791,1,0,2,1,0.1,85.0,1.6,1,6.18,0.5,0.6,0.5,0.4,3.7,0.2,0.5,0,0,0,0.1,0,0,0.1,29.8,0,1.6,0,1.33,-0.33,0.07,3,0.44
